CLUSTERID1	CLUSTERID2	ComponentIndex	Cosine	DeltaMZ	id	max_chemdir	max_comparison	sign_chemdir	CLUSTERID1_chemdir	CLUSTERID2_chemdir
5	649	5	0.9108	3.446	0	0.24314434403301144	Pre-HV:Post-HV	-1.0	5	649
5	6	5	0.8971	0.000	1	0.11238002078983643	Pre-HV:Post-HV	-1.0	5	6
5	77	5	0.6542	-10.990	2	0.018649610765852417	Pre-HV:Post-HV	-1.0	5	77
6	649	5	0.9152	3.446	3	0.13076432324317497	Pre-HV:Post-HV	-1.0	6	649
6	77	5	0.6517	-10.990	4	0.09373041002398415	Pre-HV:Post-HV	1.0	77	6
11	13	116	0.8445	0.001	5	3.1943677777194655	Pre-HV:Post-HV	-1.0	11	13
14	117	50	0.7998	-0.000	6	0.18241113564912706	Pre-HV:Post-HV	-1.0	14	117
14	692	50	0.8105	-0.001	7	0.010469893306451534	Pre-HV:Post-HV	-1.0	14	692
15	174	39	0.691	-15.995	8	0.07738351636228852	Pre-HV:Post-HV	-1.0	15	174
18	116	15	0.7567	-3.008	9	0.05165529572382753	Pre-HV:Post-HV	1.0	116	18
18	129	15	0.7224	-3.008	10	0.09184500240041864	Pre-HV:Post-HV	-1.0	18	129
18	20	15	0.7673	-0.000	11	0.031022328080554596	Pre-HV:Post-HV	-1.0	18	20
19	144	1	0.985	-26.015	12	0.08232928510597443	Pre-HV:Post-HV	-1.0	19	144
19	25	1	0.9862	-24.000	13	0.03154647568885438	Pre-HV:Post-HV	1.0	25	19
19	35	1	0.9872	-26.016	14	0.038782274275601415	Pre-HV:Post-HV	-1.0	19	35
19	46	1	0.9901	-28.031	15	0.061153463240929934	Pre-HV:Post-HV	-1.0	19	46
19	615	1	0.9772	-50.015	16	0.04332434942448931	Pre-HV:Post-HV	1.0	615	19
19	617	1	0.9889	2.016	17	0.03374123339037452	Pre-HV:Post-HV	1.0	617	19
19	652	1	0.9185	2.017	18	0.0721443613791011	Pre-HV:Post-HV	1.0	652	19
19	657	1	0.9225	-21.983	19	0.07358151545511009	Pre-HV:Post-HV	1.0	657	19
20	116	15	0.7062	-3.008	20	0.0826776238043821	Pre-HV:Post-HV	1.0	116	20
20	129	15	0.7389	-3.008	21	0.06082267431986407	Pre-HV:Post-HV	-1.0	20	129
25	144	1	0.9936	-2.016	22	0.11387576079482888	Pre-HV:Post-HV	-1.0	25	144
25	35	1	0.9967	-2.016	23	0.07032874996445573	Pre-HV:Post-HV	-1.0	25	35
25	46	1	0.996	-4.032	24	0.09269993892978436	Pre-HV:Post-HV	-1.0	25	46
25	615	1	0.9851	-26.015	25	0.011777873735634863	Pre-HV:Post-HV	1.0	615	25
25	617	1	0.9816	26.016	26	0.002194757701520159	Pre-HV:Post-HV	1.0	617	25
25	652	1	0.9102	26.017	27	0.04059788569024675	Pre-HV:Post-HV	1.0	652	25
25	657	1	0.9136	2.016	28	0.042035039766255694	Pre-HV:Post-HV	1.0	657	25
28	193	4	0.9802	-24.000	29	1.0758084289578935	Pre-HV:Post-HV	-1.0	28	193
28	217	4	0.9784	-0.000	30	0.18767954523249564	Pre-HV:Post-HV	-1.0	28	217
28	331	4	0.9802	-23.999	31	0.8569603238227113	Pre-HV:Post-HV	-1.0	28	331
28	362	4	0.9784	-0.000	32	0.17642997935848076	Pre-HV:Post-HV	-1.0	28	362
28	406	4	0.9755	-23.999	33	0.22556218645117884	Pre-HV:Post-HV	1.0	406	28
28	755	4	0.9775	0.000	34	0.5249045827864978	Pre-HV:Post-HV	-1.0	28	755
29	193	4	0.9781	-24.000	35	0.2651760131733507	Pre-HV:Post-HV	-1.0	29	193
29	331	4	0.9789	-23.999	36	0.04632790803816849	Pre-HV:Post-HV	-1.0	29	331
29	406	4	0.9758	-23.999	37	1.0361946022357216	Pre-HV:Post-HV	1.0	406	29
29	501	4	0.9794	28.031	38	0.18801988468697733	Pre-HV:Post-HV	-1.0	29	501
29	505	4	0.976	28.032	39	0.05953392985733126	Pre-HV:Post-HV	-1.0	29	505
29	506	4	0.9796	28.032	40	0.18724882999861148	Pre-HV:Post-HV	1.0	506	29
29	554	4	0.9755	28.031	41	0.45588830252889034	Pre-HV:Post-HV	1.0	554	29
29	555	4	0.9755	28.031	42	0.4453268603920711	Pre-HV:Post-HV	1.0	555	29
29	697	4	0.9819	-0.001	43	0.1575368158610531	Pre-HV:Post-HV	1.0	697	29
30	480	42	0.6995	-1.746	44	0.19855732996730274	Pre-HV:Post-HV	-1.0	30	480
30	84	42	0.716	-28.031	45	0.08953647046669956	Pre-HV:Post-HV	-1.0	30	84
33	190	4	0.9715	-24.000	46	0.6781716675095075	Pre-HV:Post-HV	-1.0	33	190
33	501	4	0.9756	28.031	47	0.5416892904095791	Pre-HV:Post-HV	-1.0	33	501
33	505	4	0.976	28.032	48	0.4132033355799332	Pre-HV:Post-HV	-1.0	33	505
33	755	4	0.9765	0.000	49	0.06794157272455714	Pre-HV:Post-HV	-1.0	33	755
34	80	68	0.7838	-59.038	50	0.009546765580632426	Pre-HV:Post-HV	-1.0	34	80
35	144	1	0.9941	0.000	51	0.043547010830373115	Pre-HV:Post-HV	-1.0	35	144
35	46	1	0.9961	-2.016	52	0.022371188965328536	Pre-HV:Post-HV	-1.0	35	46
35	615	1	0.9833	-24.000	53	0.08210662370009059	Pre-HV:Post-HV	1.0	615	35
35	617	1	0.9817	28.032	54	0.07252350766597597	Pre-HV:Post-HV	1.0	617	35
35	652	1	0.917	28.033	55	0.11092663565470255	Pre-HV:Post-HV	1.0	652	35
35	657	1	0.9133	4.032	56	0.11236378973071146	Pre-HV:Post-HV	1.0	657	35
36	188	14	0.839	0.000	57	0.445044654087926	Pre-HV:Post-HV	1.0	188	36
36	254	14	0.8296	0.000	58	0.009320757301624042	Pre-HV:Post-HV	1.0	254	36
36	398	14	0.8325	0.000	59	1.8954668212424803	Pre-HV:Post-HV	-1.0	36	398
36	399	14	0.8613	-0.000	60	0.07088362828828808	Pre-HV:Post-HV	-1.0	36	399
36	400	14	0.8108	-0.000	61	0.19304674881032244	Pre-HV:Post-HV	1.0	400	36
36	401	14	0.8218	-0.000	62	0.26533387782062245	Pre-HV:Post-HV	1.0	401	36
36	62	14	0.8199	-0.000	63	0.055159487736537303	Pre-HV:Post-HV	1.0	62	36
36	679	14	0.8245	-0.000	64	0.03047980363159391	Pre-HV:Post-HV	1.0	679	36
36	699	14	0.8613	-0.000	65	0.22140161219980867	Pre-HV:Post-HV	1.0	699	36
36	777	14	0.8198	0.000	66	0.037270513757902815	Pre-HV:Post-HV	1.0	777	36
37	255	6	0.9113	0.000	67	0.04645450331557472	Pre-HV:Post-HV	1.0	255	37
37	273	6	0.8886	-0.000	68	0.2117039615190304	Pre-HV:Post-HV	1.0	273	37
37	39	6	0.9099	0.000	69	0.031091751629787286	Pre-HV:Post-HV	1.0	39	37
37	396	6	0.9154	-0.000	70	0.15443182856417403	Pre-HV:Post-HV	1.0	396	37
37	551	6	0.9075	0.000	71	0.5619989516843963	Pre-HV:Post-HV	-1.0	37	551
37	678	6	0.9118	-0.000	72	0.01531891953218608	Pre-HV:Post-HV	-1.0	37	678
37	706	6	0.9151	-0.000	73	0.16393216961195553	Pre-HV:Post-HV	1.0	706	37
37	767	6	0.8676	-0.000	74	0.019481306954311703	Pre-HV:Post-HV	-1.0	37	767
38	402	22	0.9001	-0.000	75	0.13344027412810242	Pre-HV:Post-HV	1.0	402	38
38	558	22	0.8636	-0.000	76	0.1872325807945398	Pre-HV:Post-HV	-1.0	38	558
38	59	22	0.8578	-2.015	77	0.17570573659390187	Pre-HV:Post-HV	1.0	59	38
38	680	22	0.8708	-0.000	78	0.2499307744111577	Pre-HV:Post-HV	1.0	680	38
39	255	6	0.9477	0.000	79	0.015362751685787495	Pre-HV:Post-HV	1.0	255	39
39	273	6	0.9036	-0.000	80	0.1806122098892432	Pre-HV:Post-HV	1.0	273	39
39	396	6	0.9316	-0.000	81	0.12334007693438678	Pre-HV:Post-HV	1.0	396	39
39	44	6	0.882	56.026	82	0.05677825847191159	Pre-HV:Post-HV	-1.0	39	44
39	551	6	0.9241	0.000	83	0.5930907033141835	Pre-HV:Post-HV	-1.0	39	551
39	552	6	0.8598	56.026	84	0.04073385671111225	Pre-HV:Post-HV	1.0	552	39
39	553	6	0.8598	56.026	85	0.1705521041152031	Pre-HV:Post-HV	-1.0	39	553
39	678	6	0.9104	-0.000	86	0.04641067116197334	Pre-HV:Post-HV	-1.0	39	678
39	706	6	0.8987	-0.000	87	0.13284041798216822	Pre-HV:Post-HV	1.0	706	39
39	767	6	0.8897	-0.000	88	0.05057305858409896	Pre-HV:Post-HV	-1.0	39	767
42	403	77	0.8156	-0.000	89	0.2537673116532614	Pre-HV:Post-HV	-1.0	42	403
42	48	77	0.8013	0.000	90	0.07397273795208598	Pre-HV:Post-HV	-1.0	42	48
42	54	77	0.8405	-0.000	91	0.028585988511209796	Pre-HV:Post-HV	-1.0	42	54
42	561	77	0.8221	-0.000	92	0.1256107568675482	Pre-HV:Post-HV	-1.0	42	561
42	663	77	0.8442	-0.000	93	0.26837004706180245	Pre-HV:Post-HV	-1.0	42	663
42	768	77	0.8613	-0.000	94	0.06726550314012678	Pre-HV:Post-HV	-1.0	42	768
43	595	19	0.8191	28.031	95	0.049315839848470044	Pre-HV:Post-HV	-1.0	43	595
43	64	19	0.8191	28.031	96	0.004431955896469714	Pre-HV:Post-HV	-1.0	43	64
44	192	6	0.8882	0.000	97	0.0031555469969264177	Pre-HV:Post-HV	1.0	192	44
44	255	6	0.8937	-56.026	98	0.07214101015769907	Pre-HV:Post-HV	1.0	255	44
44	396	6	0.868	-56.026	99	0.1801183354062984	Pre-HV:Post-HV	1.0	396	44
44	397	6	0.9462	-0.000	100	0.22638447913695994	Pre-HV:Post-HV	1.0	397	44
44	552	6	0.9267	-0.000	101	0.0975121151830239	Pre-HV:Post-HV	1.0	552	44
44	553	6	0.9267	-0.000	102	0.1137738456432915	Pre-HV:Post-HV	-1.0	44	553
44	709	6	0.8987	-0.000	103	0.17390455927112616	Pre-HV:Post-HV	1.0	709	44
44	754	6	0.9	0.000	104	0.007993631626097057	Pre-HV:Post-HV	-1.0	44	754
44	761	6	0.9045	-0.000	105	0.12381297116758026	Pre-HV:Post-HV	-1.0	44	761
45	180	63	0.8259	-17.026	106	0.07890079019069382	Pre-HV:Post-HV	1.0	180	45
45	358	63	0.8566	0.000	107	0.08232160910644225	Pre-HV:Post-HV	-1.0	45	358
46	144	1	0.995	2.016	108	0.021175821865044516	Pre-HV:Post-HV	-1.0	46	144
46	615	1	0.984	-21.984	109	0.10447781266541908	Pre-HV:Post-HV	1.0	615	46
46	617	1	0.9826	30.048	110	0.09489469663130438	Pre-HV:Post-HV	1.0	617	46
46	652	1	0.9111	30.048	111	0.133297824620031	Pre-HV:Post-HV	1.0	652	46
46	657	1	0.9172	6.048	112	0.1347349786960399	Pre-HV:Post-HV	1.0	657	46
47	189	2	0.9282	0.000	113	0.19752094402880988	Pre-HV:Post-HV	1.0	189	47
47	288	2	0.9121	-0.000	114	0.1801744781361519	Pre-HV:Post-HV	1.0	288	47
47	344	2	0.9216	0.000	115	0.014763573204089131	Pre-HV:Post-HV	1.0	344	47
47	409	2	0.9135	-0.000	116	0.1256395555176589	Pre-HV:Post-HV	1.0	409	47
47	411	2	1.0	0.000	117	0.25921319020743894	Pre-HV:Post-HV	-1.0	47	411
47	71	2	0.9121	0.000	118	0.1992072088180724	Pre-HV:Post-HV	-1.0	47	71
47	764	2	0.9042	-58.041	119	0.11468574502861388	Pre-HV:Post-HV	1.0	764	47
47	87	2	0.9147	-58.041	120	0.020927659610690413	Pre-HV:Post-HV	-1.0	47	87
48	403	77	0.9017	-0.000	121	0.17979457370117546	Pre-HV:Post-HV	-1.0	48	403
48	54	77	0.8877	-0.000	122	0.045386749440876235	Pre-HV:Post-HV	1.0	54	48
48	561	77	0.8936	-0.000	123	0.051638018915462214	Pre-HV:Post-HV	-1.0	48	561
48	663	77	0.8849	-0.000	124	0.19439730910971645	Pre-HV:Post-HV	-1.0	48	663
48	768	77	0.9369	-0.000	125	0.006707234811959239	Pre-HV:Post-HV	1.0	768	48
52	558	22	0.8612	-0.000	126	0.1254622639275514	Pre-HV:Post-HV	-1.0	52	558
53	405	2	0.8795	-0.000	127	0.031084525409959624	Pre-HV:Post-HV	-1.0	53	405
53	557	2	0.8795	0.000	128	0.00912707218562851	Pre-HV:Post-HV	1.0	557	53
53	559	2	0.878	-0.000	129	0.22655392799517526	Pre-HV:Post-HV	1.0	559	53
54	403	77	0.8771	0.000	130	0.22518132314205172	Pre-HV:Post-HV	-1.0	54	403
54	561	77	0.9264	-0.000	131	0.0970247683563384	Pre-HV:Post-HV	-1.0	54	561
54	663	77	0.9219	-0.000	132	0.23978405855059254	Pre-HV:Post-HV	-1.0	54	663
54	768	77	0.9149	0.000	133	0.038679514628917035	Pre-HV:Post-HV	-1.0	54	768
55	360	4	1.0	-0.000	134	0.24215293534581067	Pre-HV:Post-HV	-1.0	55	360
55	546	4	0.9669	1.003	135	0.3760795389530856	Pre-HV:Post-HV	-1.0	55	546
55	57	4	1.0	-0.000	136	0.07396703195494006	Pre-HV:Post-HV	-1.0	55	57
57	360	4	1.0	-0.000	137	0.1681859033908705	Pre-HV:Post-HV	-1.0	57	360
57	546	4	0.9669	1.003	138	0.30211250699814546	Pre-HV:Post-HV	-1.0	57	546
58	276	27	0.7602	0.000	139	0.09491127812985893	Pre-HV:Post-HV	-1.0	58	276
58	430	27	0.7925	0.000	140	0.06869906613028277	Pre-HV:Post-HV	1.0	430	58
58	566	27	0.7232	-0.000	141	0.19512875809372018	Pre-HV:Post-HV	1.0	566	58
58	667	27	0.7654	-0.000	142	0.19140750214627025	Pre-HV:Post-HV	1.0	667	58
58	669	27	0.8235	-0.000	143	0.3575018957245786	Pre-HV:Post-HV	1.0	669	58
58	68	27	0.8088	0.000	144	0.09046936405364699	Pre-HV:Post-HV	1.0	68	58
58	739	27	0.8111	-0.000	145	0.049144553714971013	Pre-HV:Post-HV	1.0	739	58
59	265	22	0.8589	0.000	146	0.23626645673591062	Pre-HV:Post-HV	-1.0	59	265
59	407	22	0.8752	-0.000	147	0.14861356841272744	Pre-HV:Post-HV	-1.0	59	407
59	408	22	0.8597	0.000	148	0.15250819101303642	Pre-HV:Post-HV	-1.0	59	408
59	556	22	0.887	2.015	149	0.5039254964161549	Pre-HV:Post-HV	-1.0	59	556
59	558	22	0.9054	2.015	150	0.3629383173884417	Pre-HV:Post-HV	-1.0	59	558
59	664	22	0.8752	-0.000	151	0.5221950899221421	Pre-HV:Post-HV	-1.0	59	664
60	427	19	0.8598	0.000	152	2.140355384852683	Pre-HV:Post-HV	-1.0	60	427
60	428	19	0.8506	0.000	153	0.15038951618405327	Pre-HV:Post-HV	1.0	428	60
60	431	19	0.869	-0.000	154	0.06025112204527477	Pre-HV:Post-HV	1.0	431	60
60	433	19	0.8604	-15.995	155	0.09645959325376992	Pre-HV:Post-HV	1.0	433	60
60	565	19	0.8495	-0.000	156	0.09174395197084745	Pre-HV:Post-HV	1.0	565	60
60	595	19	0.8244	-15.995	157	0.004741381179420321	Pre-HV:Post-HV	-1.0	60	595
60	64	19	0.8244	-15.995	158	0.04014250277258005	Pre-HV:Post-HV	1.0	64	60
60	69	19	0.8663	-0.000	159	0.015157695266406701	Pre-HV:Post-HV	-1.0	60	69
60	702	19	0.8323	-0.000	160	0.18573723891377666	Pre-HV:Post-HV	1.0	702	60
60	726	19	0.8495	-0.000	161	0.05267373758190647	Pre-HV:Post-HV	1.0	726	60
60	775	19	0.888	-0.000	162	0.18344005203371563	Pre-HV:Post-HV	1.0	775	60
62	188	14	0.8577	0.000	163	0.38988516635138876	Pre-HV:Post-HV	1.0	188	62
62	254	14	0.8822	0.000	164	0.04583873043491318	Pre-HV:Post-HV	-1.0	62	254
62	398	14	0.863	0.000	165	1.9506263089790177	Pre-HV:Post-HV	-1.0	62	398
62	399	14	0.9184	0.000	166	0.1260431160248254	Pre-HV:Post-HV	-1.0	62	399
62	400	14	0.8797	-0.000	167	0.13788726107378516	Pre-HV:Post-HV	1.0	400	62
62	401	14	0.929	-0.000	168	0.21017439008408514	Pre-HV:Post-HV	1.0	401	62
62	679	14	0.8915	-0.000	169	0.02467968410494348	Pre-HV:Post-HV	-1.0	62	679
62	699	14	0.9184	0.000	170	0.1662421244632714	Pre-HV:Post-HV	1.0	699	62
62	777	14	0.9075	0.000	171	0.01788897397863458	Pre-HV:Post-HV	-1.0	62	777
63	183	56	0.6576	21.006	172	0.143014102795838	Pre-HV:Post-HV	-1.0	63	183
64	432	19	0.8342	-0.000	173	0.3271187729415	Pre-HV:Post-HV	-1.0	64	432
64	433	19	0.8045	-0.000	174	0.05631709048118997	Pre-HV:Post-HV	1.0	433	64
64	595	19	1.0	0.000	175	0.04488388395200035	Pre-HV:Post-HV	-1.0	64	595
64	773	19	0.8385	-0.000	176	0.16553452554739187	Pre-HV:Post-HV	1.0	773	64
64	83	19	0.8414	0.000	177	0.14562511376792805	Pre-HV:Post-HV	1.0	83	64
66	134	57	0.8564	0.000	178	0.17987023135628827	Pre-HV:Post-HV	-1.0	66	134
66	251	57	0.9171	0.000	179	0.028774466381513913	Pre-HV:Post-HV	1.0	251	66
67	101	17	0.8455	-58.042	180	0.13054551504708034	Pre-HV:Post-HV	1.0	101	67
67	434	17	0.8519	-0.000	181	0.024882361581958497	Pre-HV:Post-HV	1.0	434	67
67	435	17	0.9222	-0.000	182	0.15770510502458734	Pre-HV:Post-HV	1.0	435	67
67	436	17	0.8293	-0.000	183	0.03209554716814864	Pre-HV:Post-HV	1.0	436	67
67	437	17	0.8993	-0.000	184	0.009317087765157439	Pre-HV:Post-HV	1.0	437	67
67	448	17	0.8542	-58.042	185	0.016940675954513738	Pre-HV:Post-HV	1.0	448	67
67	569	17	0.8993	-0.000	186	0.052058493079333995	Pre-HV:Post-HV	1.0	569	67
67	684	17	0.8265	-58.042	187	0.07381260353591981	Pre-HV:Post-HV	1.0	684	67
67	70	17	1.0	0.000	188	0.10330516629465458	Pre-HV:Post-HV	-1.0	67	70
67	75	17	0.8836	0.000	189	0.08925210041252639	Pre-HV:Post-HV	1.0	75	67
68	276	27	0.761	0.000	190	0.18538064218350592	Pre-HV:Post-HV	-1.0	68	276
68	430	27	0.8286	0.000	191	0.021770297923364188	Pre-HV:Post-HV	-1.0	68	430
68	566	27	0.7685	-0.000	192	0.10465939404007321	Pre-HV:Post-HV	1.0	566	68
68	667	27	0.838	-0.000	193	0.10093813809262338	Pre-HV:Post-HV	1.0	667	68
68	669	27	0.8467	-0.000	194	0.26703253167093166	Pre-HV:Post-HV	1.0	669	68
68	739	27	0.8666	-0.000	195	0.04132481033867591	Pre-HV:Post-HV	-1.0	68	739
69	287	19	0.7982	0.000	196	0.2930693659133701	Pre-HV:Post-HV	1.0	287	69
69	427	19	0.8565	0.000	197	2.125197689586276	Pre-HV:Post-HV	-1.0	69	427
69	428	19	0.8379	0.000	198	0.16554721145045986	Pre-HV:Post-HV	1.0	428	69
69	431	19	0.8796	-0.000	199	0.07540881731168148	Pre-HV:Post-HV	1.0	431	69
69	565	19	0.8797	-0.000	200	0.1069016472372542	Pre-HV:Post-HV	1.0	565	69
69	702	19	0.8407	-0.000	201	0.2008949341801835	Pre-HV:Post-HV	1.0	702	69
69	726	19	0.8797	-0.000	202	0.0678314328483131	Pre-HV:Post-HV	1.0	726	69
69	775	19	0.8894	-0.000	203	0.19859774730012228	Pre-HV:Post-HV	1.0	775	69
70	101	17	0.8455	-58.042	204	0.23385068134173492	Pre-HV:Post-HV	1.0	101	70
70	434	17	0.8519	-0.000	205	0.12818752787661306	Pre-HV:Post-HV	1.0	434	70
70	435	17	0.9222	-0.000	206	0.2610102713192419	Pre-HV:Post-HV	1.0	435	70
70	436	17	0.8293	-0.000	207	0.13540071346280333	Pre-HV:Post-HV	1.0	436	70
70	437	17	0.8993	-0.000	208	0.11262225405981208	Pre-HV:Post-HV	1.0	437	70
70	448	17	0.8542	-58.042	209	0.12024584224916827	Pre-HV:Post-HV	1.0	448	70
70	569	17	0.8993	-0.000	210	0.1553636593739886	Pre-HV:Post-HV	1.0	569	70
70	684	17	0.8265	-58.042	211	0.17711776983057445	Pre-HV:Post-HV	1.0	684	70
70	75	17	0.8836	0.000	212	0.19255726670718093	Pre-HV:Post-HV	1.0	75	70
71	189	2	0.9356	0.000	213	0.3967281528468823	Pre-HV:Post-HV	1.0	189	71
71	288	2	1.0	-0.000	214	0.3793816869542242	Pre-HV:Post-HV	1.0	288	71
71	344	2	0.9464	0.000	215	0.21397078202216147	Pre-HV:Post-HV	1.0	344	71
71	409	2	0.9524	-0.000	216	0.32484676433573134	Pre-HV:Post-HV	1.0	409	71
71	410	2	0.9157	-0.000	217	0.18653958144689328	Pre-HV:Post-HV	1.0	410	71
71	411	2	0.9121	0.000	218	0.06000598138936658	Pre-HV:Post-HV	-1.0	71	411
71	420	2	0.9117	-58.042	219	0.6176763471817498	Pre-HV:Post-HV	1.0	420	71
71	682	2	0.9117	-58.042	220	0.14058538481198143	Pre-HV:Post-HV	1.0	682	71
71	74	2	0.9209	-58.041	221	0.1800921844135588	Pre-HV:Post-HV	1.0	74	71
71	772	2	0.9117	-58.042	222	0.4672345044181816	Pre-HV:Post-HV	1.0	772	71
72	335	5	0.6859	-259.944	223	0.1364574005854882	Pre-HV:Post-HV	-1.0	72	335
72	514	5	0.7272	-390.445	224	0.46713772171710816	Pre-HV:Post-HV	-1.0	72	514
72	77	5	0.9253	0.000	225	0.15027101773799734	Pre-HV:Post-HV	-1.0	72	77
74	189	2	0.9211	58.041	226	0.21663596843332353	Pre-HV:Post-HV	1.0	189	74
74	288	2	0.9209	58.041	227	0.1992895025406655	Pre-HV:Post-HV	1.0	288	74
74	344	2	0.9228	58.041	228	0.03387859760860273	Pre-HV:Post-HV	1.0	344	74
74	409	2	0.9208	58.041	229	0.14475457992217255	Pre-HV:Post-HV	1.0	409	74
74	420	2	0.9068	-0.000	230	0.4375841627681911	Pre-HV:Post-HV	1.0	420	74
74	463	2	0.9077	-56.027	231	0.44683961082281387	Pre-HV:Post-HV	1.0	463	74
74	682	2	0.9068	-0.000	232	0.03950679960157737	Pre-HV:Post-HV	-1.0	74	682
74	763	2	0.9204	58.041	233	0.10351401690321524	Pre-HV:Post-HV	1.0	763	74
74	772	2	0.9068	-0.000	234	0.28714232000462286	Pre-HV:Post-HV	1.0	772	74
75	434	17	0.8747	-0.000	235	0.0643697388305679	Pre-HV:Post-HV	-1.0	75	434
75	435	17	0.9043	-0.000	236	0.068453004612061	Pre-HV:Post-HV	1.0	435	75
75	436	17	0.8463	-0.000	237	0.05715655324437766	Pre-HV:Post-HV	-1.0	75	436
75	437	17	0.883	-0.000	238	0.07993501264736894	Pre-HV:Post-HV	-1.0	75	437
75	448	17	0.8258	-58.042	239	0.07231142445801272	Pre-HV:Post-HV	-1.0	75	448
75	569	17	0.8361	-0.000	240	0.03719360733319245	Pre-HV:Post-HV	-1.0	75	569
77	335	5	0.6525	-259.944	241	0.01381361715250918	Pre-HV:Post-HV	1.0	335	77
77	514	5	0.7154	-390.445	242	0.31686670397911076	Pre-HV:Post-HV	-1.0	77	514
77	649	5	0.6535	14.437	243	0.22449473326715916	Pre-HV:Post-HV	-1.0	77	649
78	421	19	0.7925	-0.000	244	0.40740220076499506	Pre-HV:Post-HV	-1.0	78	421
78	423	19	0.853	0.000	245	0.4498064160374534	Pre-HV:Post-HV	-1.0	78	423
78	424	19	0.853	-0.000	246	0.1441548051613457	Pre-HV:Post-HV	-1.0	78	424
78	665	19	0.8661	-0.000	247	0.23900229193216413	Pre-HV:Post-HV	-1.0	78	665
78	666	19	0.8661	-0.000	248	0.11683859719312725	Pre-HV:Post-HV	-1.0	78	666
78	701	19	0.8065	-0.000	249	0.19978884189762197	Pre-HV:Post-HV	-1.0	78	701
79	572	2	0.9107	-0.000	250	0.2942789226156395	Pre-HV:Post-HV	-1.0	79	572
79	573	2	0.8817	-0.000	251	0.11656919364468758	Pre-HV:Post-HV	1.0	573	79
80	111	68	0.7338	-64.043	252	0.020015664915464738	Pre-HV:Post-HV	1.0	111	80
81	243	38	0.9581	28.978	253	0.3771162238201139	Pre-HV:Post-HV	1.0	243	81
83	427	19	0.8077	15.995	254	2.3261230013931913	Pre-HV:Post-HV	-1.0	83	427
83	429	19	0.8041	-0.000	255	0.28616573944534	Pre-HV:Post-HV	-1.0	83	429
83	432	19	0.8704	-0.000	256	0.472743886709428	Pre-HV:Post-HV	-1.0	83	432
83	433	19	0.8248	-0.000	257	0.08930802328673818	Pre-HV:Post-HV	-1.0	83	433
83	595	19	0.8414	0.000	258	0.19050899771992835	Pre-HV:Post-HV	-1.0	83	595
83	773	19	0.8576	-0.000	259	0.01990941177946381	Pre-HV:Post-HV	1.0	773	83
86	443	17	0.8229	-0.000	260	0.09244525704915962	Pre-HV:Post-HV	-1.0	86	443
87	198	2	0.9024	-0.000	261	0.03721528561936793	Pre-HV:Post-HV	1.0	198	87
87	267	2	0.8964	-0.000	262	0.05343718553765045	Pre-HV:Post-HV	1.0	267	87
87	404	2	0.8898	74.036	263	0.04186345928786232	Pre-HV:Post-HV	-1.0	87	404
87	411	2	0.9147	58.041	264	0.23828553059674842	Pre-HV:Post-HV	-1.0	87	411
87	422	2	0.9191	-0.000	265	0.05093402676546435	Pre-HV:Post-HV	1.0	422	87
87	560	2	0.8898	74.036	266	0.057126643991349264	Pre-HV:Post-HV	1.0	560	87
87	764	2	0.891	-0.000	267	0.13561340463930424	Pre-HV:Post-HV	1.0	764	87
92	201	115	1.0	0.000	268	0.23062491806912666	Pre-HV:Post-HV	1.0	201	92
93	267	2	0.8784	15.995	269	0.012325156176496656	Pre-HV:Post-HV	1.0	267	93
93	446	2	0.8898	-0.001	270	0.09058969429415437	Pre-HV:Post-HV	-1.0	93	446
93	469	2	0.8819	-58.042	271	0.14971436556994397	Pre-HV:Post-HV	1.0	469	93
93	472	2	0.8819	-58.041	272	0.23831349397591398	Pre-HV:Post-HV	1.0	472	93
93	757	2	0.8796	-0.001	273	0.1229898119582227	Pre-HV:Post-HV	1.0	757	93
94	219	29	0.9272	-0.003	274	0.039499113615883916	Pre-HV:Post-HV	-1.0	94	219
94	229	29	0.6727	-47.981	275	0.07502471067565311	Pre-HV:Post-HV	-1.0	94	229
94	250	29	0.6693	-47.981	276	0.07969644962967974	Pre-HV:Post-HV	1.0	250	94
94	522	29	0.6598	-61.999	277	0.07969644962967974	Pre-HV:Post-HV	1.0	522	94
94	526	29	0.9367	-14.013	278	0.1482455788253006	Pre-HV:Post-HV	-1.0	94	526
94	527	29	0.9435	-14.013	279	0.6596539642731117	Pre-HV:Post-HV	-1.0	94	527
94	531	29	0.9449	-14.011	280	0.07969644962967974	Pre-HV:Post-HV	1.0	531	94
94	733	29	0.8732	2.018	281	0.004168932523637268	Pre-HV:Post-HV	-1.0	94	733
94	749	29	0.7699	2.015	282	0.07969644962967974	Pre-HV:Post-HV	1.0	749	94
95	103	2	0.8943	-0.000	283	0.14618308626838555	Pre-HV:Post-HV	1.0	103	95
95	118	2	0.8921	-0.000	284	0.43076185592040506	Pre-HV:Post-HV	-1.0	95	118
95	268	2	0.8782	-0.000	285	0.28091374493942406	Pre-HV:Post-HV	1.0	268	95
95	463	2	0.8892	-0.000	286	0.3896186087460965	Pre-HV:Post-HV	1.0	463	95
95	466	2	0.9084	-0.001	287	0.12333485625397952	Pre-HV:Post-HV	-1.0	95	466
95	577	2	0.8812	-0.000	288	0.08168124266016409	Pre-HV:Post-HV	1.0	577	95
97	256	2	0.8963	0.000	289	0.26771906538467694	Pre-HV:Post-HV	1.0	256	97
97	673	2	0.8874	-0.001	290	0.10193673618807658	Pre-HV:Post-HV	1.0	673	97
97	703	2	0.8787	-0.000	291	0.37679314164826155	Pre-HV:Post-HV	1.0	703	97
100	458	3	0.8329	-0.000	292	0.4678710969193083	Pre-HV:Post-HV	-1.0	100	458
101	448	17	0.8857	-0.000	293	0.1136048390925666	Pre-HV:Post-HV	-1.0	101	448
101	575	17	0.8445	-0.000	294	0.2530973716426022	Pre-HV:Post-HV	-1.0	101	575
101	684	17	0.8583	-0.000	295	0.05673291151116049	Pre-HV:Post-HV	-1.0	101	684
101	707	17	0.8501	-0.000	296	0.36716172669892366	Pre-HV:Post-HV	-1.0	101	707
103	267	2	0.8826	56.026	297	0.15177953801362917	Pre-HV:Post-HV	-1.0	103	267
103	347	2	0.8955	-0.000	298	0.5602218517693027	Pre-HV:Post-HV	-1.0	103	347
103	420	2	0.9188	56.026	299	0.23418007442308816	Pre-HV:Post-HV	1.0	420	103
103	463	2	0.8803	-0.000	300	0.24343552247771105	Pre-HV:Post-HV	1.0	463	103
103	682	2	0.9188	56.026	301	0.24291088794668017	Pre-HV:Post-HV	-1.0	103	682
103	772	2	0.9188	56.026	302	0.08373823165952005	Pre-HV:Post-HV	1.0	772	103
105	439	35	0.8814	-0.000	303	0.2214881415591743	Pre-HV:Post-HV	-1.0	105	439
105	440	35	0.9038	-0.001	304	0.002412282785379495	Pre-HV:Post-HV	1.0	440	105
105	567	35	0.9038	-0.000	305	0.1775721023838212	Pre-HV:Post-HV	-1.0	105	567
106	220	38	0.9251	-28.030	306	0.22814255244803297	Pre-HV:Post-HV	1.0	220	106
106	275	38	0.9275	-0.002	307	0.5331409339073048	Pre-HV:Post-HV	-1.0	106	275
106	721	38	0.9377	-0.000	308	0.37316430244401155	Pre-HV:Post-HV	1.0	721	106
107	441	2	0.878	-0.000	309	0.19739389557869005	Pre-HV:Post-HV	-1.0	107	441
108	110	38	1.0	0.000	310	0.13567058705721435	Pre-HV:Post-HV	1.0	110	108
108	113	38	0.9493	0.000	311	0.23967670634574942	Pre-HV:Post-HV	1.0	113	108
108	222	38	0.9453	-28.030	312	0.18848618427595384	Pre-HV:Post-HV	1.0	222	108
108	728	38	0.9388	15.995	313	0.13112888683721413	Pre-HV:Post-HV	1.0	728	108
109	446	2	0.887	56.026	314	0.25042863408363114	Pre-HV:Post-HV	1.0	446	109
110	113	38	0.9493	0.000	315	0.10400611928853504	Pre-HV:Post-HV	1.0	113	110
110	222	38	0.9453	-28.030	316	0.05281559721873943	Pre-HV:Post-HV	1.0	222	110
110	728	38	0.9388	15.995	317	0.004541700220000177	Pre-HV:Post-HV	-1.0	110	728
112	187	38	0.9275	-0.002	318	0.3911705673161292	Pre-HV:Post-HV	1.0	187	112
112	503	38	0.9293	28.031	319	0.9084491031899811	Pre-HV:Post-HV	1.0	503	112
112	582	38	0.9257	-28.028	320	0.020029370807297633	Pre-HV:Post-HV	-1.0	112	582
112	721	38	0.932	-0.000	321	0.2634590000311683	Pre-HV:Post-HV	1.0	721	112
113	721	38	0.9478	-0.001	322	0.04169405421015257	Pre-HV:Post-HV	-1.0	113	721
114	758	2	0.8845	-0.001	323	0.40291906474036787	Pre-HV:Post-HV	-1.0	114	758
116	129	15	0.7654	0.000	324	0.1435002981242461	Pre-HV:Post-HV	-1.0	116	129
117	692	50	0.7565	-0.001	325	0.17194124234267544	Pre-HV:Post-HV	1.0	692	117
120	167	4	0.987	-28.031	326	0.11864243780303961	Pre-HV:Post-HV	-1.0	120	167
120	616	4	0.9761	-154.099	327	0.005357472844122153	Pre-HV:Post-HV	1.0	616	120
124	210	54	0.8135	0.000	328	0.14776000190238145	Pre-HV:Post-HV	1.0	210	124
124	481	54	0.8443	-0.000	329	0.13010707444584552	Pre-HV:Post-HV	1.0	481	124
126	317	2	0.8987	0.000	330	0.31547958580017316	Pre-HV:Post-HV	-1.0	126	317
126	473	2	0.8803	2.014	331	0.12722717726089344	Pre-HV:Post-HV	-1.0	126	473
132	469	2	0.8869	56.026	332	0.12938133410067543	Pre-HV:Post-HV	1.0	469	132
132	472	2	0.8869	56.026	333	0.21798046250664538	Pre-HV:Post-HV	1.0	472	132
132	475	2	0.8885	58.040	334	0.23109216754663459	Pre-HV:Post-HV	-1.0	132	475
132	478	2	0.8976	-0.001	335	0.007893360008826835	Pre-HV:Post-HV	1.0	478	132
132	479	2	0.9081	-0.001	336	0.029029238410714562	Pre-HV:Post-HV	-1.0	132	479
132	482	2	0.9049	-0.001	337	0.10837386592827686	Pre-HV:Post-HV	1.0	482	132
132	581	2	0.8918	-0.000	338	0.1232762666172301	Pre-HV:Post-HV	-1.0	132	581
132	774	2	0.9028	-0.000	339	0.030425098028087898	Pre-HV:Post-HV	-1.0	132	774
133	479	2	0.8845	-15.999	340	0.061874328627821544	Pre-HV:Post-HV	-1.0	133	479
133	483	2	0.8954	-0.001	341	0.07186010905938761	Pre-HV:Post-HV	-1.0	133	483
133	677	2	0.8874	-0.001	342	0.1438293915439295	Pre-HV:Post-HV	1.0	677	133
134	251	57	0.867	0.000	343	0.2086446977378022	Pre-HV:Post-HV	1.0	251	134
137	340	29	0.9272	0.002	344	0.006927131528998278	Pre-HV:Post-HV	1.0	340	137
137	528	29	0.7279	-12.001	345	0.3813422509303006	Pre-HV:Post-HV	-1.0	137	528
137	532	29	0.8157	-28.030	346	0.1626023840029887	Pre-HV:Post-HV	-1.0	137	532
137	533	29	0.8378	-14.014	347	0.297197724623532	Pre-HV:Post-HV	-1.0	137	533
140	193	4	0.9747	-2.015	348	0.30471061448088116	Pre-HV:Post-HV	-1.0	140	193
140	331	4	0.9747	-2.014	349	0.08586250934569889	Pre-HV:Post-HV	-1.0	140	331
141	248	59	1.0	-0.000	350	0.8859035077472989	Pre-HV:Post-HV	-1.0	141	248
144	615	1	0.9814	-24.000	351	0.1256536345304637	Pre-HV:Post-HV	1.0	615	144
144	617	1	0.9817	28.032	352	0.116070518496349	Pre-HV:Post-HV	1.0	617	144
144	652	1	0.9118	28.032	353	0.15447364648507558	Pre-HV:Post-HV	1.0	652	144
144	657	1	0.9132	4.032	354	0.1559108005610845	Pre-HV:Post-HV	1.0	657	144
165	584	25	0.8958	3.087	355	0.12761984992614833	Pre-HV:Post-HV	-1.0	165	584
167	616	4	0.9757	-126.068	356	0.12399991064716177	Pre-HV:Post-HV	1.0	616	167
170	172	12	0.6967	14.016	357	0.15743095871656557	Pre-HV:Post-HV	1.0	172	170
170	297	12	0.7309	32.026	358	0.20838549873512113	Pre-HV:Post-HV	1.0	297	170
170	357	12	0.8184	-148.037	359	0.21537843838877116	Pre-HV:Post-HV	-1.0	170	357
170	377	12	0.767	-484.248	360	0.5445943522738202	Pre-HV:Post-HV	-1.0	170	377
170	378	12	0.6902	217.555	361	0.2537479172948175	Pre-HV:Post-HV	1.0	378	170
170	602	12	0.6835	170.596	362	0.0785715573226446	Pre-HV:Post-HV	1.0	602	170
170	613	12	0.7351	142.074	363	0.0841502614638583	Pre-HV:Post-HV	1.0	613	170
170	620	12	0.6711	25.979	364	0.3525418599124186	Pre-HV:Post-HV	1.0	620	170
170	628	12	0.6543	142.074	365	0.33873452224537404	Pre-HV:Post-HV	1.0	628	170
171	173	12	0.7205	-14.016	366	0.34921182426992625	Pre-HV:Post-HV	-1.0	171	173
171	191	12	0.853	32.026	367	0.21690871127233827	Pre-HV:Post-HV	-1.0	171	191
171	334	12	0.8287	28.031	368	0.5071704970868236	Pre-HV:Post-HV	-1.0	171	334
171	620	12	0.9019	43.990	369	0.012415574801257304	Pre-HV:Post-HV	-1.0	171	620
171	753	12	0.7506	-148.037	370	0.41139186095415103	Pre-HV:Post-HV	-1.0	171	753
172	297	12	0.7083	18.010	371	0.05095454001855553	Pre-HV:Post-HV	1.0	297	172
172	357	12	0.675	-162.053	372	0.3728093971053367	Pre-HV:Post-HV	-1.0	172	357
172	597	12	0.8725	43.990	373	0.09776603951979486	Pre-HV:Post-HV	1.0	597	172
173	334	12	0.7728	42.047	374	0.1579586728168974	Pre-HV:Post-HV	-1.0	173	334
173	620	12	0.8457	58.005	375	0.3367962494686688	Pre-HV:Post-HV	1.0	620	173
173	653	12	0.6514	-148.036	376	0.014512081563937905	Pre-HV:Post-HV	1.0	653	173
176	181	8	0.8193	18.011	377	0.06156198289969759	Pre-HV:Post-HV	-1.0	176	181
176	211	8	0.9425	0.000	378	0.12587608239071837	Pre-HV:Post-HV	1.0	211	176
176	214	8	0.8876	18.011	379	0.06639055727900268	Pre-HV:Post-HV	1.0	214	176
176	231	8	0.7233	36.021	380	0.059183531095496664	Pre-HV:Post-HV	-1.0	176	231
176	515	8	0.7982	36.021	381	0.024565970987074887	Pre-HV:Post-HV	1.0	515	176
176	518	8	0.7746	36.021	382	0.000651043504494394	Pre-HV:Post-HV	1.0	518	176
176	535	8	0.6797	36.021	383	0.014931172787613042	Pre-HV:Post-HV	1.0	535	176
176	604	8	0.8898	-176.031	384	0.016476036088874057	Pre-HV:Post-HV	1.0	604	176
176	661	8	0.8891	-49.982	385	0.058799971039482216	Pre-HV:Post-HV	-1.0	176	661
176	731	8	0.8072	2.016	386	0.09034291418019394	Pre-HV:Post-HV	1.0	731	176
177	730	8	0.9092	-49.982	387	0.07077471177244683	Pre-HV:Post-HV	1.0	730	177
177	731	8	0.9315	18.010	388	0.03898690874672402	Pre-HV:Post-HV	1.0	731	177
177	738	8	0.8673	-49.982	389	0.1609153845418545	Pre-HV:Post-HV	1.0	738	177
178	352	12	0.8399	28.031	390	0.6987075169382412	Pre-HV:Post-HV	-1.0	178	352
178	689	12	0.9387	43.990	391	0.058250566916153684	Pre-HV:Post-HV	1.0	689	178
180	358	63	0.8751	17.027	392	0.16122239929713608	Pre-HV:Post-HV	-1.0	180	358
181	211	8	0.8761	-18.010	393	0.18743806529041596	Pre-HV:Post-HV	1.0	211	181
181	214	8	0.911	0.000	394	0.12795254017870017	Pre-HV:Post-HV	1.0	214	181
181	231	8	0.8602	18.011	395	0.0023784518042008116	Pre-HV:Post-HV	1.0	231	181
181	515	8	0.8233	18.011	396	0.0861279538867724	Pre-HV:Post-HV	1.0	515	181
181	518	8	0.8403	18.011	397	0.062213026404191914	Pre-HV:Post-HV	1.0	518	181
181	535	8	0.8314	18.011	398	0.07649315568731055	Pre-HV:Post-HV	1.0	535	181
181	601	8	0.672	15.995	399	0.14206077033165862	Pre-HV:Post-HV	1.0	601	181
181	626	8	0.7448	0.001	400	0.0780380189885716	Pre-HV:Post-HV	1.0	626	181
182	611	41	0.8393	14.015	401	0.05893951257622031	Pre-HV:Post-HV	1.0	611	182
182	612	41	0.851	14.015	402	0.05893951257622031	Pre-HV:Post-HV	1.0	612	182
184	230	107	0.8761	-31.990	403	0.024766251059143995	Pre-HV:Post-HV	-1.0	184	230
185	217	4	0.9765	-26.015	404	0.21272664031105318	Pre-HV:Post-HV	-1.0	185	217
185	362	4	0.9765	-26.015	405	0.2014770744370383	Pre-HV:Post-HV	-1.0	185	362
185	501	4	0.9839	2.016	406	1.0236993955500775	Pre-HV:Post-HV	-1.0	185	501
185	505	4	0.985	2.017	407	0.8952134407204315	Pre-HV:Post-HV	-1.0	185	505
185	506	4	0.9805	2.017	408	0.6484306808644887	Pre-HV:Post-HV	-1.0	185	506
185	541	4	0.9869	0.001	409	1.1047757772175315	Pre-HV:Post-HV	-1.0	185	541
185	554	4	0.9808	2.016	410	0.37979120833420976	Pre-HV:Post-HV	-1.0	185	554
185	555	4	0.9808	2.016	411	0.39035265047102913	Pre-HV:Post-HV	-1.0	185	555
185	616	4	0.9771	110.146	412	0.5210684317620101	Pre-HV:Post-HV	-1.0	185	616
185	723	4	0.9767	26.016	413	0.5959978743282406	Pre-HV:Post-HV	-1.0	185	723
185	755	4	0.9787	-26.015	414	0.5499516778650553	Pre-HV:Post-HV	-1.0	185	755
186	556	22	0.8655	0.000	415	0.09887825154500242	Pre-HV:Post-HV	-1.0	186	556
187	721	38	0.9258	0.001	416	0.1277115672849609	Pre-HV:Post-HV	-1.0	187	721
188	254	14	0.8721	0.000	417	0.43572389678630197	Pre-HV:Post-HV	-1.0	188	254
188	398	14	0.889	0.000	418	2.3405114753304064	Pre-HV:Post-HV	-1.0	188	398
188	399	14	0.9265	-0.000	419	0.5159282823762141	Pre-HV:Post-HV	-1.0	188	399
188	400	14	0.8625	-0.000	420	0.2519979052776035	Pre-HV:Post-HV	-1.0	188	400
188	401	14	0.9038	-0.000	421	0.17971077626730356	Pre-HV:Post-HV	-1.0	188	401
188	679	14	0.8853	-0.000	422	0.4145648504563322	Pre-HV:Post-HV	-1.0	188	679
188	699	14	0.9265	-0.000	423	0.2236430418881173	Pre-HV:Post-HV	-1.0	188	699
188	777	14	0.8968	0.000	424	0.40777414033002324	Pre-HV:Post-HV	-1.0	188	777
189	288	2	0.9356	-0.000	425	0.017346465892658047	Pre-HV:Post-HV	-1.0	189	288
189	344	2	0.9534	0.000	426	0.18275737082472082	Pre-HV:Post-HV	-1.0	189	344
189	409	2	0.9516	-0.000	427	0.07188138851115101	Pre-HV:Post-HV	-1.0	189	409
189	410	2	0.9256	-0.000	428	0.21018857139998898	Pre-HV:Post-HV	-1.0	189	410
189	411	2	0.9282	0.000	429	0.45673413423624887	Pre-HV:Post-HV	-1.0	189	411
189	673	2	0.8895	-14.016	430	0.3079162522129444	Pre-HV:Post-HV	-1.0	189	673
189	763	2	0.9158	-0.000	431	0.11312195153010823	Pre-HV:Post-HV	-1.0	189	763
190	546	4	0.9682	24.000	432	0.35781273727763624	Pre-HV:Post-HV	1.0	546	190
191	334	12	0.7998	-3.995	433	0.29026178581448525	Pre-HV:Post-HV	-1.0	191	334
191	620	12	0.767	11.964	434	0.20449313647108094	Pre-HV:Post-HV	1.0	620	191
191	689	12	0.702	25.979	435	0.3034081618820558	Pre-HV:Post-HV	1.0	689	191
191	753	12	0.693	-180.063	436	0.1944831496818127	Pre-HV:Post-HV	-1.0	191	753
192	397	6	0.8869	-0.000	437	0.22322893214003356	Pre-HV:Post-HV	1.0	397	192
192	552	6	0.9089	-0.000	438	0.09435656818609747	Pre-HV:Post-HV	1.0	552	192
192	553	6	0.9089	-0.000	439	0.11692939264021796	Pre-HV:Post-HV	-1.0	192	553
192	709	6	0.8645	-0.000	440	0.17074901227419972	Pre-HV:Post-HV	1.0	709	192
192	754	6	0.8954	0.000	441	0.01114917862302356	Pre-HV:Post-HV	-1.0	192	754
192	761	6	0.8843	-0.000	442	0.12696851816450663	Pre-HV:Post-HV	-1.0	192	761
193	217	4	0.9789	24.000	443	0.8881288837253978	Pre-HV:Post-HV	1.0	217	193
193	331	4	1.0	0.001	444	0.21884810513518227	Pre-HV:Post-HV	1.0	331	193
193	362	4	0.9789	24.000	445	0.8993784495994127	Pre-HV:Post-HV	1.0	362	193
193	406	4	0.9786	0.001	446	1.3013706154090723	Pre-HV:Post-HV	1.0	406	193
193	697	4	0.9779	23.999	447	0.4227128290344038	Pre-HV:Post-HV	1.0	697	193
193	755	4	0.977	24.000	448	0.5509038461713957	Pre-HV:Post-HV	1.0	755	193
194	640	32	0.9807	-14.015	449	0.09948794609534825	Pre-HV:Post-HV	-1.0	194	640
194	642	32	0.9139	-2.014	450	0.7078972941546563	Pre-HV:Post-HV	-1.0	194	642
194	732	32	0.9766	2.015	451	0.20472412517895527	Pre-HV:Post-HV	-1.0	194	732
198	764	2	0.8895	0.000	452	0.09839811901993625	Pre-HV:Post-HV	1.0	764	198
204	509	79	1.0	0.000	453	0.4255291633836437	Pre-HV:Post-HV	1.0	509	204
206	573	2	0.8801	0.000	454	0.32450898439818887	Pre-HV:Post-HV	1.0	573	206
207	213	78	0.8827	-0.001	455	0.3463393357775706	Pre-HV:Post-HV	1.0	213	207
207	278	78	0.8827	-0.001	456	0.12692165618640716	Pre-HV:Post-HV	1.0	278	207
210	477	54	0.8408	-0.001	457	0.058893306380688994	Pre-HV:Post-HV	1.0	477	210
211	214	8	0.9025	18.010	458	0.05948552511171568	Pre-HV:Post-HV	-1.0	211	214
211	231	8	0.8083	36.021	459	0.18505961348621508	Pre-HV:Post-HV	-1.0	211	231
211	515	8	0.8097	36.021	460	0.1013101114036435	Pre-HV:Post-HV	-1.0	211	515
211	518	8	0.8296	36.021	461	0.12522503888622402	Pre-HV:Post-HV	-1.0	211	518
211	535	8	0.7198	36.021	462	0.11094490960310545	Pre-HV:Post-HV	-1.0	211	535
211	604	8	0.8025	-176.031	463	0.10940004630184438	Pre-HV:Post-HV	-1.0	211	604
211	661	8	0.8136	-49.982	464	0.18467605343020072	Pre-HV:Post-HV	-1.0	211	661
211	731	8	0.8148	2.016	465	0.03553316821052454	Pre-HV:Post-HV	-1.0	211	731
213	278	78	1.0	0.000	466	0.21941767959116334	Pre-HV:Post-HV	-1.0	213	278
214	231	8	0.8259	18.010	467	0.1255740883744994	Pre-HV:Post-HV	-1.0	214	231
214	515	8	0.8659	18.011	468	0.04182458629192769	Pre-HV:Post-HV	-1.0	214	515
214	518	8	0.8259	18.010	469	0.06573951377450833	Pre-HV:Post-HV	-1.0	214	518
214	535	8	0.7732	18.011	470	0.051459384491389766	Pre-HV:Post-HV	-1.0	214	535
214	601	8	0.7129	15.995	471	0.01410823015295836	Pre-HV:Post-HV	1.0	601	214
214	623	8	0.6744	18.010	472	0.049914521190128604	Pre-HV:Post-HV	-1.0	214	623
214	626	8	0.7298	0.000	473	0.049914521190128604	Pre-HV:Post-HV	-1.0	214	626
216	217	4	0.9741	-0.000	474	0.08628351636367078	Pre-HV:Post-HV	1.0	217	216
216	362	4	0.9741	-0.000	475	0.09753308223768563	Pre-HV:Post-HV	1.0	362	216
216	501	4	0.978	28.031	476	0.7246892388753536	Pre-HV:Post-HV	-1.0	216	501
216	506	4	0.9745	28.032	477	0.3494205241897648	Pre-HV:Post-HV	-1.0	216	506
216	541	4	0.9778	26.016	478	0.8057656205428075	Pre-HV:Post-HV	-1.0	216	541
216	697	4	0.9784	-0.001	479	0.3791325383273232	Pre-HV:Post-HV	-1.0	216	697
217	331	4	0.9789	-23.999	480	0.6692807785902155	Pre-HV:Post-HV	-1.0	217	331
217	362	4	1.0	0.000	481	0.011249565874014862	Pre-HV:Post-HV	1.0	362	217
217	406	4	0.9769	-23.999	482	0.4132417316836746	Pre-HV:Post-HV	1.0	406	217
217	697	4	0.9784	-0.001	483	0.46541605469099395	Pre-HV:Post-HV	-1.0	217	697
219	522	29	0.6545	-61.996	484	0.1191955632455636	Pre-HV:Post-HV	1.0	522	219
219	526	29	0.8633	-14.011	485	0.10874646520941662	Pre-HV:Post-HV	-1.0	219	526
219	527	29	0.8706	-14.010	486	0.6201548506572279	Pre-HV:Post-HV	-1.0	219	527
219	529	29	0.7351	-14.011	487	0.7512748851735493	Pre-HV:Post-HV	1.0	529	219
219	531	29	0.8973	-14.008	488	0.1191955632455636	Pre-HV:Post-HV	1.0	531	219
219	733	29	0.8185	2.021	489	0.03533018109224669	Pre-HV:Post-HV	1.0	733	219
219	749	29	0.7859	2.017	490	0.1191955632455636	Pre-HV:Post-HV	1.0	749	219
224	490	53	0.7587	-0.000	491	0.31535779772345796	Pre-HV:Post-HV	-1.0	224	490
224	586	53	0.737	-0.000	492	0.28542186702989236	Pre-HV:Post-HV	-1.0	224	586
225	246	38	0.9166	2.014	493	0.030466313148053044	Pre-HV:Post-HV	1.0	246	225
225	283	38	0.9319	56.060	494	0.9190624686010883	Pre-HV:Post-HV	-1.0	225	283
225	503	38	0.9251	56.061	495	0.3352545048971201	Pre-HV:Post-HV	1.0	503	225
229	250	29	0.9146	-0.001	496	0.15472116030533292	Pre-HV:Post-HV	1.0	250	229
229	516	29	0.6628	-14.017	497	0.0025508866678562087	Pre-HV:Post-HV	1.0	516	229
229	522	29	0.7802	-14.019	498	0.15472116030533292	Pre-HV:Post-HV	1.0	522	229
231	515	8	0.8203	0.000	499	0.0837495020825716	Pre-HV:Post-HV	1.0	515	231
231	518	8	0.8185	0.000	500	0.0598345745999911	Pre-HV:Post-HV	1.0	518	231
231	535	8	0.8006	0.000	501	0.07411470388310964	Pre-HV:Post-HV	1.0	535	231
231	601	8	0.7027	-2.016	502	0.13968231852745774	Pre-HV:Post-HV	1.0	601	231
231	623	8	0.6546	0.000	503	0.07565956718437085	Pre-HV:Post-HV	1.0	623	231
231	626	8	0.7521	-18.010	504	0.07565956718437085	Pre-HV:Post-HV	1.0	626	231
237	712	11	0.8787	-0.000	505	0.003294367669444398	Pre-HV:Post-HV	1.0	712	237
240	469	2	0.8897	-2.015	506	0.031011411171188566	Pre-HV:Post-HV	1.0	469	240
240	470	2	0.8971	-2.015	507	0.24777852022410296	Pre-HV:Post-HV	-1.0	240	470
240	471	2	0.8971	-2.015	508	0.13288915310737381	Pre-HV:Post-HV	-1.0	240	471
240	472	2	0.8897	-2.014	509	0.11961053957715853	Pre-HV:Post-HV	1.0	472	240
240	475	2	0.8853	-0.001	510	0.3294620904761215	Pre-HV:Post-HV	-1.0	240	475
240	476	2	0.886	-0.001	511	0.018585236481182495	Pre-HV:Post-HV	-1.0	240	476
240	479	2	0.889	-58.042	512	0.12739916134020138	Pre-HV:Post-HV	-1.0	240	479
240	688	2	0.886	-0.001	513	0.11329868564104933	Pre-HV:Post-HV	-1.0	240	688
240	715	2	0.8861	-2.015	514	0.564104567323888	Pre-HV:Post-HV	-1.0	240	715
243	717	38	0.9487	-57.008	515	0.048087760284251144	Pre-HV:Post-HV	1.0	717	243
243	760	38	0.9502	-83.025	516	0.23528351878939496	Pre-HV:Post-HV	1.0	760	243
246	582	38	0.9194	-2.012	517	0.6236902822482117	Pre-HV:Post-HV	-1.0	246	582
250	516	29	0.6671	-14.016	518	0.15217027363747673	Pre-HV:Post-HV	-1.0	250	516
250	522	29	0.786	-14.018	519	0.0	Pre-HV:Post-HV	1.0	522	250
254	398	14	0.8709	0.000	520	1.9047875785441044	Pre-HV:Post-HV	-1.0	254	398
254	399	14	0.891	-0.000	521	0.08020438558991207	Pre-HV:Post-HV	-1.0	254	399
254	400	14	0.8709	-0.000	522	0.1837259915086984	Pre-HV:Post-HV	1.0	400	254
254	401	14	0.8814	-0.000	523	0.2560131205189983	Pre-HV:Post-HV	1.0	401	254
254	679	14	0.8616	-0.000	524	0.021159046329969747	Pre-HV:Post-HV	1.0	679	254
254	699	14	0.891	-0.000	525	0.21208085489818465	Pre-HV:Post-HV	1.0	699	254
254	777	14	0.8985	0.000	526	0.02794975645627873	Pre-HV:Post-HV	1.0	777	254
255	273	6	0.8995	-0.000	527	0.16524945820345566	Pre-HV:Post-HV	1.0	273	255
255	396	6	0.9425	-0.000	528	0.10797732524859927	Pre-HV:Post-HV	1.0	396	255
255	551	6	0.9368	0.000	529	0.608453454999971	Pre-HV:Post-HV	-1.0	255	551
255	552	6	0.8804	56.026	530	0.025371105025324837	Pre-HV:Post-HV	1.0	552	255
255	553	6	0.8804	56.026	531	0.18591485580099057	Pre-HV:Post-HV	-1.0	255	553
255	678	6	0.9209	-0.000	532	0.06177342284776085	Pre-HV:Post-HV	-1.0	255	678
255	706	6	0.9101	-0.000	533	0.11747766629638069	Pre-HV:Post-HV	1.0	706	255
255	754	6	0.8955	56.026	534	0.08013464178379621	Pre-HV:Post-HV	-1.0	255	754
256	447	2	0.9022	-0.001	535	0.1914704023936304	Pre-HV:Post-HV	-1.0	256	447
256	572	2	0.8971	-0.000	536	0.3240829364075738	Pre-HV:Post-HV	-1.0	256	572
256	673	2	0.9078	-0.001	537	0.16578232919660033	Pre-HV:Post-HV	-1.0	256	673
265	407	22	0.8867	-0.000	538	0.08765288832318309	Pre-HV:Post-HV	1.0	407	265
265	408	22	0.8999	-0.000	539	0.08375826572287413	Pre-HV:Post-HV	1.0	408	265
265	664	22	0.8867	-0.000	540	0.28592863318623146	Pre-HV:Post-HV	-1.0	265	664
267	441	2	0.8834	15.996	541	0.05714110425381812	Pre-HV:Post-HV	-1.0	267	441
267	711	2	0.8943	15.996	542	0.17990310413440502	Pre-HV:Post-HV	1.0	711	267
269	584	25	0.8936	-26.012	543	0.17694332667811832	Pre-HV:Post-HV	-1.0	269	584
269	587	25	0.8419	-26.011	544	0.06307831996291004	Pre-HV:Post-HV	-1.0	269	587
269	589	25	0.846	-26.012	545	0.03267868581465942	Pre-HV:Post-HV	1.0	589	269
269	590	25	0.846	-26.013	546	0.29709562335677125	Pre-HV:Post-HV	-1.0	269	590
273	396	6	0.8919	-0.000	547	0.05727213295485635	Pre-HV:Post-HV	-1.0	273	396
273	397	6	0.8671	56.026	548	0.011005989224194783	Pre-HV:Post-HV	-1.0	273	397
273	551	6	0.8978	0.000	549	0.7737029132034267	Pre-HV:Post-HV	-1.0	273	551
273	678	6	0.8868	-0.000	550	0.22702288105121649	Pre-HV:Post-HV	-1.0	273	678
273	706	6	0.8957	-0.000	551	0.04777179190707491	Pre-HV:Post-HV	-1.0	273	706
273	767	6	0.9037	-0.000	552	0.23118526847334206	Pre-HV:Post-HV	-1.0	273	767
274	382	29	0.8364	-2.013	553	0.29121762258777256	Pre-HV:Post-HV	1.0	382	274
274	528	29	0.709	14.017	554	0.22096351691289207	Pre-HV:Post-HV	-1.0	274	528
274	530	29	0.756	-2.012	555	0.14840888065463917	Pre-HV:Post-HV	1.0	530	274
274	534	29	0.8341	-2.011	556	0.44397056180981553	Pre-HV:Post-HV	-1.0	274	534
276	430	27	0.7717	0.000	557	0.16361034426014168	Pre-HV:Post-HV	1.0	430	276
276	566	27	0.7689	-0.000	558	0.2900400362235791	Pre-HV:Post-HV	1.0	566	276
276	667	27	0.7322	-0.000	559	0.2863187802761293	Pre-HV:Post-HV	1.0	667	276
276	669	27	0.7687	-0.000	560	0.4524131738544376	Pre-HV:Post-HV	1.0	669	276
276	739	27	0.8064	-0.000	561	0.14405583184483	Pre-HV:Post-HV	1.0	739	276
280	285	75	1.0	0.000	562	0.10969633255410415	Pre-HV:Post-HV	1.0	285	280
282	583	89	0.9385	25.071	563	0.09972277710102025	Pre-HV:Post-HV	1.0	583	282
287	428	19	0.8154	-0.000	564	0.12752215446291013	Pre-HV:Post-HV	-1.0	287	428
287	775	19	0.7865	-0.000	565	0.09447161861324774	Pre-HV:Post-HV	-1.0	287	775
288	344	2	0.9464	0.000	566	0.1654109049320627	Pre-HV:Post-HV	-1.0	288	344
288	409	2	0.9524	-0.000	567	0.05453492261849297	Pre-HV:Post-HV	-1.0	288	409
288	410	2	0.9157	-0.000	568	0.19284210550733097	Pre-HV:Post-HV	-1.0	288	410
288	411	2	0.9121	0.000	569	0.4393876683435908	Pre-HV:Post-HV	-1.0	288	411
288	420	2	0.9117	-58.041	570	0.2382946602275255	Pre-HV:Post-HV	1.0	420	288
288	682	2	0.9117	-58.042	571	0.2387963021422429	Pre-HV:Post-HV	-1.0	288	682
288	772	2	0.9117	-58.042	572	0.08785281746395732	Pre-HV:Post-HV	1.0	772	288
291	354	18	1.0	-0.001	573	0.12123554952518469	Pre-HV:Post-HV	-1.0	291	354
293	337	20	0.7763	-23.999	574	0.4954168990766965	Pre-HV:Post-HV	-1.0	293	337
297	378	12	0.7286	185.529	575	0.04536241855969634	Pre-HV:Post-HV	1.0	378	297
297	602	12	0.705	138.570	576	0.12981394141247649	Pre-HV:Post-HV	-1.0	297	602
316	625	21	0.8886	162.053	577	0.039187648501097475	Pre-HV:Post-HV	1.0	625	316
316	635	21	0.6839	-365.134	578	0.07091338782964823	Pre-HV:Post-HV	1.0	635	316
316	737	21	0.9249	-162.054	579	0.027457402034326322	Pre-HV:Post-HV	1.0	737	316
317	470	2	0.9043	-0.001	580	0.1295806283526767	Pre-HV:Post-HV	1.0	470	317
317	471	2	0.9043	-0.001	581	0.24446999546940584	Pre-HV:Post-HV	1.0	471	317
317	476	2	0.8903	2.013	582	0.35877391209559706	Pre-HV:Post-HV	1.0	476	317
317	687	2	0.8986	2.013	583	0.05459625192880263	Pre-HV:Post-HV	1.0	687	317
317	688	2	0.8903	2.013	584	0.26406046293573016	Pre-HV:Post-HV	1.0	688	317
320	502	25	0.6534	-236.215	585	0.07314593400903781	Pre-HV:Post-HV	1.0	502	320
320	619	25	0.9208	26.015	586	0.018918912525612827	Pre-HV:Post-HV	1.0	619	320
320	641	25	0.9459	-2.016	587	0.11515668524753989	Pre-HV:Post-HV	-1.0	320	641
320	651	25	0.8959	26.015	588	0.05374263601855139	Pre-HV:Post-HV	-1.0	320	651
320	671	25	0.8636	2.017	589	0.14294832647651975	Pre-HV:Post-HV	-1.0	320	671
320	752	25	0.6962	-264.247	590	0.17017168543953504	Pre-HV:Post-HV	-1.0	320	752
324	756	4	0.9665	0.001	591	0.8455824523893287	Pre-HV:Post-HV	-1.0	324	756
331	362	4	0.9789	23.999	592	0.6805303444642303	Pre-HV:Post-HV	1.0	362	331
331	406	4	0.9786	0.000	593	1.0825225102738902	Pre-HV:Post-HV	1.0	406	331
331	697	4	0.9779	23.998	594	0.20386472389922156	Pre-HV:Post-HV	1.0	697	331
331	755	4	0.9769	23.999	595	0.3320557410362134	Pre-HV:Post-HV	1.0	755	331
333	520	71	0.9488	26.020	596	0.11363393734075175	Pre-HV:Post-HV	1.0	520	333
334	613	12	0.6951	132.053	597	0.22636332383700603	Pre-HV:Post-HV	1.0	613	334
334	620	12	0.8501	15.958	598	0.49475492228556633	Pre-HV:Post-HV	1.0	620	334
339	341	16	1.0	-0.000	599	0.014749520826365544	Pre-HV:Post-HV	1.0	341	339
339	342	16	0.8929	-0.000	600	0.2581545568764215	Pre-HV:Post-HV	1.0	342	339
340	528	29	0.6972	-12.003	601	0.3882693824592989	Pre-HV:Post-HV	-1.0	340	528
340	532	29	0.7893	-28.032	602	0.16952951553198703	Pre-HV:Post-HV	-1.0	340	532
340	533	29	0.8077	-14.016	603	0.3041248561525302	Pre-HV:Post-HV	-1.0	340	533
341	342	16	0.8929	0.000	604	0.24340503605005598	Pre-HV:Post-HV	1.0	342	341
344	409	2	0.9753	-0.000	605	0.11087598231356977	Pre-HV:Post-HV	1.0	409	344
344	410	2	0.9257	-0.000	606	0.027431200575268103	Pre-HV:Post-HV	-1.0	344	410
344	411	2	0.9216	0.000	607	0.273976763411528	Pre-HV:Post-HV	-1.0	344	411
344	763	2	0.9177	-0.000	608	0.06963541929461264	Pre-HV:Post-HV	1.0	763	344
344	764	2	0.9252	-58.041	609	0.09992217182452481	Pre-HV:Post-HV	1.0	764	344
350	389	66	1.0	0.000	610	0.00038652504770125004	Pre-HV:Post-HV	1.0	389	350
352	689	12	0.8208	15.959	611	0.7569580838543948	Pre-HV:Post-HV	1.0	689	352
357	377	12	0.7374	-336.211	612	0.32921591388504906	Pre-HV:Post-HV	-1.0	357	377
360	546	4	0.9669	1.003	613	0.1339266036072749	Pre-HV:Post-HV	-1.0	360	546
362	406	4	0.9769	-23.999	614	0.4019921658096597	Pre-HV:Post-HV	1.0	406	362
362	697	4	0.9784	-0.001	615	0.47666562056500883	Pre-HV:Post-HV	-1.0	362	697
372	502	25	0.7333	24.001	616	0.7288480653012166	Pre-HV:Post-HV	1.0	502	372
372	587	25	0.8195	-4.027	617	0.5627164164613144	Pre-HV:Post-HV	1.0	587	372
372	589	25	0.862	-4.028	618	0.6584734222388838	Pre-HV:Post-HV	1.0	589	372
372	590	25	0.862	-4.029	619	0.32869911306745325	Pre-HV:Post-HV	1.0	590	372
372	742	25	0.8378	21.985	620	0.507786163456982	Pre-HV:Post-HV	1.0	742	372
372	752	25	0.8083	-4.031	621	0.4855304458526436	Pre-HV:Post-HV	1.0	752	372
378	602	12	0.7595	-46.959	622	0.17517635997217285	Pre-HV:Post-HV	-1.0	378	602
381	524	76	0.692	-32.026	623	0.08963259976568431	Pre-HV:Post-HV	-1.0	381	524
382	526	29	0.9644	14.016	624	0.33654666246397885	Pre-HV:Post-HV	-1.0	382	526
382	527	29	0.9617	14.016	625	0.8479550479117899	Pre-HV:Post-HV	-1.0	382	527
382	530	29	0.8267	0.001	626	0.1428087419331334	Pre-HV:Post-HV	-1.0	382	530
382	531	29	0.9524	14.018	627	0.10860463400899856	Pre-HV:Post-HV	-1.0	382	531
382	534	29	0.9324	0.002	628	0.735188184397588	Pre-HV:Post-HV	-1.0	382	534
388	621	88	0.7417	2.016	629	0.20834442254946162	Pre-HV:Post-HV	1.0	621	388
392	405	2	0.8957	-0.000	630	0.1551730097565412	Pre-HV:Post-HV	-1.0	392	405
392	557	2	0.8957	0.000	631	0.114961412160953	Pre-HV:Post-HV	-1.0	392	557
396	551	6	0.9183	0.000	632	0.7164307802485703	Pre-HV:Post-HV	-1.0	396	551
396	552	6	0.868	56.026	633	0.08260622022327443	Pre-HV:Post-HV	-1.0	396	552
396	553	6	0.868	56.026	634	0.29389218104958986	Pre-HV:Post-HV	-1.0	396	553
396	678	6	0.9082	0.000	635	0.16975074809636018	Pre-HV:Post-HV	-1.0	396	678
396	706	6	0.9055	0.000	636	0.009500341047781406	Pre-HV:Post-HV	1.0	706	396
396	767	6	0.8953	0.000	637	0.17391313551848572	Pre-HV:Post-HV	-1.0	396	767
397	552	6	0.9097	0.000	638	0.12887236395393606	Pre-HV:Post-HV	-1.0	397	552
397	553	6	0.9097	0.000	639	0.34015832478025143	Pre-HV:Post-HV	-1.0	397	553
397	709	6	0.9304	0.000	640	0.05247991986583375	Pre-HV:Post-HV	-1.0	397	709
397	754	6	0.9018	0.000	641	0.234378110763057	Pre-HV:Post-HV	-1.0	397	754
397	761	6	0.919	0.000	642	0.3501974503045402	Pre-HV:Post-HV	-1.0	397	761
398	399	14	0.9192	-0.000	643	1.8245831929541922	Pre-HV:Post-HV	1.0	399	398
398	400	14	0.9071	-0.000	644	2.088513570052803	Pre-HV:Post-HV	1.0	400	398
398	401	14	0.8769	-0.000	645	2.1608006990631026	Pre-HV:Post-HV	1.0	401	398
398	679	14	0.9066	-0.000	646	1.9259466248740742	Pre-HV:Post-HV	1.0	679	398
398	699	14	0.9192	-0.000	647	2.116868433442289	Pre-HV:Post-HV	1.0	699	398
398	777	14	0.8876	0.000	648	1.9327373350003831	Pre-HV:Post-HV	1.0	777	398
399	400	14	0.8873	-0.000	649	0.2639303770986105	Pre-HV:Post-HV	1.0	400	399
399	401	14	0.9329	-0.000	650	0.3362175061089105	Pre-HV:Post-HV	1.0	401	399
399	679	14	0.9148	-0.000	651	0.10136343191988197	Pre-HV:Post-HV	1.0	679	399
399	699	14	1.0	0.000	652	0.2922852404880968	Pre-HV:Post-HV	1.0	699	399
399	777	14	0.898	0.000	653	0.10815414204619084	Pre-HV:Post-HV	1.0	777	399
400	401	14	0.8894	0.000	654	0.07228712901029996	Pre-HV:Post-HV	1.0	401	400
400	679	14	0.9035	0.000	655	0.1625669451787286	Pre-HV:Post-HV	-1.0	400	679
400	699	14	0.8873	0.000	656	0.028354863389486284	Pre-HV:Post-HV	1.0	699	400
400	777	14	0.901	0.000	657	0.15577623505241966	Pre-HV:Post-HV	-1.0	400	777
401	679	14	0.9002	0.000	658	0.2348540741890286	Pre-HV:Post-HV	-1.0	401	679
401	699	14	0.9329	0.000	659	0.04393226562081365	Pre-HV:Post-HV	-1.0	401	699
401	777	14	0.8968	0.000	660	0.22806336406271963	Pre-HV:Post-HV	-1.0	401	777
402	407	22	0.8724	-2.016	661	0.10634810594692806	Pre-HV:Post-HV	-1.0	402	407
402	556	22	0.8711	0.000	662	0.4616600339503555	Pre-HV:Post-HV	-1.0	402	556
402	664	22	0.8724	-2.016	663	0.4799296274563426	Pre-HV:Post-HV	-1.0	402	664
402	680	22	0.8961	-0.000	664	0.11649050028305527	Pre-HV:Post-HV	1.0	680	402
403	561	77	0.8336	-0.000	665	0.1281565547857133	Pre-HV:Post-HV	1.0	561	403
403	663	77	0.904	-0.000	666	0.014602735408540965	Pre-HV:Post-HV	-1.0	403	663
403	768	77	0.8809	0.000	667	0.18650180851313472	Pre-HV:Post-HV	1.0	768	403
404	405	2	0.888	0.000	668	0.040189327637702554	Pre-HV:Post-HV	1.0	405	404
404	557	2	0.888	0.000	669	0.08040092523329072	Pre-HV:Post-HV	1.0	557	404
404	560	2	1.0	0.000	670	0.09899010327921158	Pre-HV:Post-HV	1.0	560	404
405	557	2	1.0	0.000	671	0.04021159759558821	Pre-HV:Post-HV	1.0	557	405
405	560	2	0.888	-0.000	672	0.05880077564150908	Pre-HV:Post-HV	1.0	560	405
406	697	4	0.9767	23.998	673	0.8786577863746685	Pre-HV:Post-HV	-1.0	406	697
407	408	22	0.8771	0.000	674	0.0038946226003089683	Pre-HV:Post-HV	-1.0	407	408
407	664	22	1.0	0.000	675	0.37358152150941465	Pre-HV:Post-HV	-1.0	407	664
408	664	22	0.8771	-0.000	676	0.36968689890910567	Pre-HV:Post-HV	-1.0	408	664
409	410	2	0.9118	0.000	677	0.1383071828888379	Pre-HV:Post-HV	-1.0	409	410
409	411	2	0.9135	0.000	678	0.3848527457250978	Pre-HV:Post-HV	-1.0	409	411
409	763	2	0.9193	0.000	679	0.041240563018957226	Pre-HV:Post-HV	-1.0	409	763
409	764	2	0.9221	-58.041	680	0.010953810489045038	Pre-HV:Post-HV	-1.0	409	764
411	764	2	0.9042	-58.041	681	0.3738989352360528	Pre-HV:Post-HV	1.0	764	411
413	700	7	1.0	0.000	682	0.020924709568134647	Pre-HV:Post-HV	-1.0	413	700
413	724	7	1.0	0.000	683	0.016739962676064504	Pre-HV:Post-HV	1.0	724	413
420	682	2	1.0	-0.000	684	0.47709096236976845	Pre-HV:Post-HV	-1.0	420	682
420	763	2	0.9128	58.041	685	0.33407014586497574	Pre-HV:Post-HV	-1.0	420	763
420	764	2	0.8859	0.000	686	0.3037833933350636	Pre-HV:Post-HV	-1.0	420	764
420	772	2	1.0	-0.000	687	0.15044184276356817	Pre-HV:Post-HV	-1.0	420	772
421	423	19	0.8138	0.000	688	0.042404215272458336	Pre-HV:Post-HV	-1.0	421	423
421	424	19	0.8138	-0.000	689	0.2632473956036493	Pre-HV:Post-HV	1.0	424	421
421	701	19	0.8311	-0.000	690	0.20761335886737306	Pre-HV:Post-HV	1.0	701	421
422	577	2	0.8912	-56.026	691	0.08978085317759392	Pre-HV:Post-HV	1.0	577	422
423	424	19	1.0	-0.000	692	0.3056516108761076	Pre-HV:Post-HV	1.0	424	423
423	665	19	0.8622	-0.000	693	0.21080412410528934	Pre-HV:Post-HV	1.0	665	423
423	666	19	0.8622	-0.000	694	0.33296781884432614	Pre-HV:Post-HV	1.0	666	423
423	701	19	0.8576	-0.000	695	0.25001757413983133	Pre-HV:Post-HV	1.0	701	423
424	665	19	0.8622	0.000	696	0.09484748677081836	Pre-HV:Post-HV	-1.0	424	665
424	666	19	0.8622	0.000	697	0.027316207968218504	Pre-HV:Post-HV	1.0	666	424
424	701	19	0.8576	0.000	698	0.05563403673627635	Pre-HV:Post-HV	-1.0	424	701
427	428	19	0.8502	0.000	699	2.290744901036736	Pre-HV:Post-HV	1.0	428	427
427	431	19	0.8506	-0.000	700	2.2006065068979574	Pre-HV:Post-HV	1.0	431	427
427	565	19	0.8223	-0.000	701	2.2320993368235302	Pre-HV:Post-HV	1.0	565	427
427	702	19	0.8703	-0.000	702	2.32609262376646	Pre-HV:Post-HV	1.0	702	427
427	726	19	0.8223	-0.000	703	2.1930291224345893	Pre-HV:Post-HV	1.0	726	427
427	775	19	0.9059	-0.000	704	2.3237954368863987	Pre-HV:Post-HV	1.0	775	427
428	431	19	0.885	-0.000	705	0.09013839413877854	Pre-HV:Post-HV	-1.0	428	431
428	565	19	0.8527	-0.000	706	0.0586455642132057	Pre-HV:Post-HV	-1.0	428	565
428	702	19	0.8021	-0.000	707	0.03534772272972352	Pre-HV:Post-HV	1.0	702	428
428	726	19	0.8527	-0.000	708	0.09771577860214675	Pre-HV:Post-HV	-1.0	428	726
428	775	19	0.8991	-0.000	709	0.033050535849662416	Pre-HV:Post-HV	1.0	775	428
429	432	19	0.8524	0.000	710	0.186578147264088	Pre-HV:Post-HV	-1.0	429	432
429	773	19	0.8141	-0.000	711	0.30607515122480383	Pre-HV:Post-HV	1.0	773	429
430	566	27	0.8481	-0.000	712	0.12642969196343745	Pre-HV:Post-HV	1.0	566	430
430	667	27	0.8177	-0.000	713	0.12270843601598752	Pre-HV:Post-HV	1.0	667	430
430	669	27	0.8311	-0.000	714	0.28880282959429593	Pre-HV:Post-HV	1.0	669	430
430	739	27	0.8492	-0.000	715	0.019554512415311708	Pre-HV:Post-HV	-1.0	430	739
431	565	19	0.8614	-0.000	716	0.03149282992557275	Pre-HV:Post-HV	1.0	565	431
431	702	19	0.8332	0.000	717	0.125486116868502	Pre-HV:Post-HV	1.0	702	431
431	726	19	0.8614	0.000	718	0.00757738446336827	Pre-HV:Post-HV	-1.0	431	726
431	775	19	0.8842	-0.000	719	0.1231889299884409	Pre-HV:Post-HV	1.0	775	431
432	433	19	0.8418	-0.000	720	0.38343586342268987	Pre-HV:Post-HV	1.0	433	432
432	595	19	0.8342	0.000	721	0.2822348889894997	Pre-HV:Post-HV	1.0	595	432
432	773	19	0.8333	-0.000	722	0.49265329848889194	Pre-HV:Post-HV	1.0	773	432
433	595	19	0.8045	0.000	723	0.10120097443319022	Pre-HV:Post-HV	-1.0	433	595
434	435	17	0.8937	0.000	724	0.13282274344262882	Pre-HV:Post-HV	1.0	435	434
434	436	17	0.8532	-0.000	725	0.007213185586190237	Pre-HV:Post-HV	1.0	436	434
434	437	17	0.8364	-0.000	726	0.015565273816801083	Pre-HV:Post-HV	-1.0	434	437
434	569	17	0.8854	-0.000	727	0.027176131497375546	Pre-HV:Post-HV	1.0	569	434
435	436	17	0.8757	-0.000	728	0.12560955785643868	Pre-HV:Post-HV	-1.0	435	436
435	437	17	0.8826	-0.000	729	0.14838801725942985	Pre-HV:Post-HV	-1.0	435	437
435	448	17	0.8254	-58.042	730	0.14076442907007367	Pre-HV:Post-HV	-1.0	435	448
435	569	17	0.8794	-0.000	731	0.10564661194525339	Pre-HV:Post-HV	-1.0	435	569
436	437	17	0.838	0.000	732	0.022778459402991273	Pre-HV:Post-HV	-1.0	436	437
436	569	17	0.8393	0.000	733	0.01996294591118525	Pre-HV:Post-HV	1.0	569	436
437	569	17	0.8285	0.000	734	0.04274140531417653	Pre-HV:Post-HV	1.0	569	437
438	766	61	1.0	-0.000	735	0.1873369340426083	Pre-HV:Post-HV	-1.0	438	766
440	567	35	1.0	0.000	736	0.17998438516920073	Pre-HV:Post-HV	-1.0	440	567
441	442	2	0.8962	0.000	737	0.06940882748451684	Pre-HV:Post-HV	-1.0	441	442
441	670	2	0.8962	0.000	738	0.03963235294521992	Pre-HV:Post-HV	1.0	670	441
442	670	2	1.0	0.000	739	0.10904118042973673	Pre-HV:Post-HV	1.0	670	442
443	445	17	0.847	0.000	740	0.0025893270358649336	Pre-HV:Post-HV	1.0	445	443
443	575	17	0.8391	0.000	741	0.0946744036803156	Pre-HV:Post-HV	-1.0	443	575
444	446	2	0.8936	0.000	742	0.10279257052459269	Pre-HV:Post-HV	-1.0	444	446
444	469	2	0.8835	-58.041	743	0.13751148933950577	Pre-HV:Post-HV	1.0	469	444
444	472	2	0.8835	-58.040	744	0.22611061774547567	Pre-HV:Post-HV	1.0	472	444
444	757	2	0.9016	-0.000	745	0.11078693572778442	Pre-HV:Post-HV	1.0	757	444
444	758	2	0.8786	0.000	746	0.06457952540557467	Pre-HV:Post-HV	1.0	758	444
445	448	17	0.8499	-0.000	747	0.042228801833854926	Pre-HV:Post-HV	1.0	448	445
446	475	2	0.8812	-56.027	748	0.12016944178321157	Pre-HV:Post-HV	-1.0	446	475
446	683	2	0.8914	-0.000	749	0.012950037525346804	Pre-HV:Post-HV	1.0	683	446
447	572	2	0.8913	0.000	750	0.13261253401394338	Pre-HV:Post-HV	-1.0	447	572
448	575	17	0.825	0.000	751	0.13949253255003555	Pre-HV:Post-HV	-1.0	448	575
448	684	17	0.8303	0.000	752	0.056871927581406176	Pre-HV:Post-HV	1.0	684	448
448	707	17	0.8418	-0.000	753	0.253556887606357	Pre-HV:Post-HV	-1.0	448	707
456	459	49	1.0	-0.000	754	0.08906843684815638	Pre-HV:Post-HV	-1.0	456	459
456	461	49	0.7605	-58.042	755	0.0984601178754692	Pre-HV:Post-HV	1.0	461	456
457	776	85	1.0	0.000	756	0.23245696567951013	Pre-HV:Post-HV	1.0	776	457
458	668	3	0.8024	13.980	757	0.4935064186786214	Pre-HV:Post-HV	1.0	668	458
459	461	49	0.7605	-58.042	758	0.1875285547236256	Pre-HV:Post-HV	1.0	461	459
463	466	2	0.8931	-0.000	759	0.5129534650000761	Pre-HV:Post-HV	-1.0	463	466
466	475	2	0.8842	-15.996	760	0.10534588774512667	Pre-HV:Post-HV	-1.0	466	475
467	580	47	0.7848	-130.062	761	0.1855470088080449	Pre-HV:Post-HV	1.0	580	467
467	759	47	0.7685	-130.062	762	0.17974126020627454	Pre-HV:Post-HV	1.0	759	467
468	687	2	0.8838	2.014	763	0.2543274086281221	Pre-HV:Post-HV	-1.0	468	687
469	472	2	1.0	0.000	764	0.08859912840596994	Pre-HV:Post-HV	1.0	472	469
469	475	2	0.8809	2.014	765	0.36047350164731	Pre-HV:Post-HV	-1.0	469	475
469	478	2	0.903	-56.027	766	0.12148797409184854	Pre-HV:Post-HV	-1.0	469	478
469	479	2	0.9097	-56.027	767	0.1584105725113899	Pre-HV:Post-HV	-1.0	469	479
469	581	2	0.89	-56.026	768	0.25265760071790555	Pre-HV:Post-HV	-1.0	469	581
469	774	2	0.8814	-56.026	769	0.1598064321287634	Pre-HV:Post-HV	-1.0	469	774
470	471	2	1.0	0.000	770	0.1148893671167291	Pre-HV:Post-HV	1.0	471	470
470	475	2	0.8927	2.015	771	0.08168357025201853	Pre-HV:Post-HV	-1.0	470	475
470	476	2	0.8906	2.014	772	0.22919328374292047	Pre-HV:Post-HV	1.0	476	470
470	484	2	0.8897	-40.027	773	0.21024894847276412	Pre-HV:Post-HV	1.0	484	470
470	570	2	0.8851	58.042	774	0.45765691577378387	Pre-HV:Post-HV	1.0	570	470
470	687	2	0.8804	2.014	775	0.07498437642387411	Pre-HV:Post-HV	-1.0	470	687
470	688	2	0.8906	2.014	776	0.13447983458305346	Pre-HV:Post-HV	1.0	688	470
470	758	2	0.8812	58.041	777	0.20585796746136029	Pre-HV:Post-HV	1.0	758	470
471	475	2	0.8927	2.015	778	0.19657293736874762	Pre-HV:Post-HV	-1.0	471	475
471	476	2	0.8906	2.014	779	0.11430391662619127	Pre-HV:Post-HV	1.0	476	471
471	484	2	0.8897	-40.027	780	0.09535958135603499	Pre-HV:Post-HV	1.0	484	471
471	570	2	0.8851	58.042	781	0.3427675486570547	Pre-HV:Post-HV	1.0	570	471
471	687	2	0.8804	2.014	782	0.1898737435406032	Pre-HV:Post-HV	-1.0	471	687
471	688	2	0.8906	2.014	783	0.019590467466324417	Pre-HV:Post-HV	1.0	688	471
471	758	2	0.8812	58.041	784	0.09096860034463115	Pre-HV:Post-HV	1.0	758	471
472	475	2	0.8809	2.014	785	0.4490726300532799	Pre-HV:Post-HV	-1.0	472	475
472	478	2	0.903	-56.027	786	0.21008710249781853	Pre-HV:Post-HV	-1.0	472	478
472	479	2	0.9097	-56.027	787	0.24700970091735983	Pre-HV:Post-HV	-1.0	472	479
472	581	2	0.89	-56.026	788	0.3412567291238755	Pre-HV:Post-HV	-1.0	472	581
472	774	2	0.8814	-56.026	789	0.24840556053473328	Pre-HV:Post-HV	-1.0	472	774
475	476	2	0.8833	-0.000	790	0.310876853994939	Pre-HV:Post-HV	1.0	476	475
475	478	2	0.8857	-58.041	791	0.23898552755546135	Pre-HV:Post-HV	1.0	478	475
475	688	2	0.8833	-0.000	792	0.21616340483507196	Pre-HV:Post-HV	1.0	688	475
476	478	2	0.886	-58.041	793	0.07189132643947749	Pre-HV:Post-HV	-1.0	476	478
476	688	2	1.0	0.000	794	0.0947134491598669	Pre-HV:Post-HV	-1.0	476	688
478	479	2	0.9056	0.000	795	0.036922598419541326	Pre-HV:Post-HV	-1.0	478	479
478	482	2	0.8893	0.000	796	0.10048050591945	Pre-HV:Post-HV	1.0	482	478
478	581	2	0.8918	0.001	797	0.13116962662605697	Pre-HV:Post-HV	-1.0	478	581
478	688	2	0.886	58.041	798	0.022822122720389436	Pre-HV:Post-HV	-1.0	478	688
478	774	2	0.8845	0.001	799	0.0383184580369147	Pre-HV:Post-HV	-1.0	478	774
479	484	2	0.8847	15.999	800	0.08986958958886264	Pre-HV:Post-HV	1.0	484	479
479	581	2	0.9061	0.001	801	0.0942470282065157	Pre-HV:Post-HV	-1.0	479	581
479	774	2	0.8883	0.001	802	0.0013958596173733883	Pre-HV:Post-HV	-1.0	479	774
483	677	2	0.8906	-0.000	803	0.21568950060331718	Pre-HV:Post-HV	1.0	677	483
485	717	38	0.934	25.069	804	0.26737243734296867	Pre-HV:Post-HV	1.0	717	485
486	545	38	1.0	0.000	805	0.8045188784229533	Pre-HV:Post-HV	-1.0	486	545
486	717	38	0.9335	-26.015	806	0.7150714096112232	Pre-HV:Post-HV	-1.0	486	717
486	728	38	0.9356	-10.021	807	0.589844345538948	Pre-HV:Post-HV	-1.0	486	728
490	586	53	0.7199	0.000	808	0.029935930693565548	Pre-HV:Post-HV	1.0	586	490
501	505	4	0.9767	0.001	809	0.12848595482964603	Pre-HV:Post-HV	1.0	505	501
501	541	4	0.9848	-2.015	810	0.08107638166745401	Pre-HV:Post-HV	-1.0	501	541
501	554	4	0.977	0.001	811	0.6439081872158676	Pre-HV:Post-HV	1.0	554	501
501	555	4	0.977	0.000	812	0.6333467450790484	Pre-HV:Post-HV	1.0	555	501
501	616	4	0.9785	108.130	813	0.5026309637880674	Pre-HV:Post-HV	1.0	616	501
501	697	4	0.9854	-28.032	814	0.34555670054803045	Pre-HV:Post-HV	1.0	697	501
502	641	25	0.6546	234.199	815	0.18830261925657776	Pre-HV:Post-HV	-1.0	502	641
502	742	25	0.7669	-2.016	816	0.22106190184423438	Pre-HV:Post-HV	-1.0	502	742
502	752	25	0.9145	-28.032	817	0.2433176194485729	Pre-HV:Post-HV	-1.0	502	752
505	506	4	0.9783	0.000	818	0.2467827598559427	Pre-HV:Post-HV	1.0	506	505
505	541	4	0.9796	-2.016	819	0.20956233649710002	Pre-HV:Post-HV	-1.0	505	541
505	554	4	0.9779	-0.000	820	0.5154222323862216	Pre-HV:Post-HV	1.0	554	505
505	555	4	0.9779	-0.001	821	0.5048607902494024	Pre-HV:Post-HV	1.0	555	505
505	755	4	0.9771	-28.032	822	0.3452617628553761	Pre-HV:Post-HV	1.0	755	505
506	541	4	0.981	-2.016	823	0.45634509635304266	Pre-HV:Post-HV	-1.0	506	541
506	554	4	0.9796	-0.001	824	0.2686394725302789	Pre-HV:Post-HV	1.0	554	506
506	555	4	0.9796	-0.001	825	0.2580780303934597	Pre-HV:Post-HV	1.0	555	506
515	518	8	0.8303	-0.000	826	0.023914927482580468	Pre-HV:Post-HV	-1.0	515	518
515	535	8	0.8031	-0.000	827	0.009634798199461992	Pre-HV:Post-HV	-1.0	515	535
515	601	8	0.7471	-2.016	828	0.055932816444886214	Pre-HV:Post-HV	1.0	601	515
515	623	8	0.7193	-0.000	829	0.008089934898200831	Pre-HV:Post-HV	-1.0	515	623
515	626	8	0.7062	-18.010	830	0.008089934898200831	Pre-HV:Post-HV	-1.0	515	626
516	522	29	0.6972	-0.002	831	0.15217027363747682	Pre-HV:Post-HV	1.0	522	516
518	535	8	0.7917	0.000	832	0.01428012928311859	Pre-HV:Post-HV	1.0	535	518
518	601	8	0.797	-2.016	833	0.0798477439274667	Pre-HV:Post-HV	1.0	601	518
518	626	8	0.8102	-18.010	834	0.01582499258437963	Pre-HV:Post-HV	1.0	626	518
521	548	112	0.9659	-2.016	835	0.15125616776054912	Pre-HV:Post-HV	1.0	548	521
521	690	112	0.9651	-2.017	836	0.05221977774153216	Pre-HV:Post-HV	-1.0	521	690
525	536	29	0.6804	14.023	837	0.005578584553934942	Pre-HV:Post-HV	-1.0	525	536
526	527	29	0.9757	0.001	838	0.5114083854478112	Pre-HV:Post-HV	-1.0	526	527
526	528	29	0.7136	2.015	839	0.17563447703668575	Pre-HV:Post-HV	-1.0	526	528
526	530	29	0.8046	-14.015	840	0.19373792053084551	Pre-HV:Post-HV	1.0	530	526
526	531	29	0.9685	0.003	841	0.22794202845498027	Pre-HV:Post-HV	1.0	531	526
526	534	29	0.9216	-14.014	842	0.3986415219336092	Pre-HV:Post-HV	-1.0	526	534
526	733	29	0.8748	16.031	843	0.1440766463016632	Pre-HV:Post-HV	1.0	733	526
526	749	29	0.7664	16.028	844	0.22794202845498027	Pre-HV:Post-HV	1.0	749	526
527	528	29	0.7095	2.015	845	0.3357739084111255	Pre-HV:Post-HV	1.0	528	527
527	530	29	0.8211	-14.015	846	0.7051463059786567	Pre-HV:Post-HV	1.0	530	527
527	531	29	0.979	0.002	847	0.7393504139027914	Pre-HV:Post-HV	1.0	531	527
527	534	29	0.9406	-14.014	848	0.11276686351420191	Pre-HV:Post-HV	1.0	534	527
527	733	29	0.8701	16.031	849	0.6554850317494745	Pre-HV:Post-HV	1.0	733	527
527	749	29	0.7526	16.027	850	0.7393504139027914	Pre-HV:Post-HV	1.0	749	527
528	530	29	0.7859	-16.030	851	0.3693723975675312	Pre-HV:Post-HV	1.0	530	528
528	531	29	0.7123	-2.012	852	0.40357650549166607	Pre-HV:Post-HV	1.0	531	528
528	534	29	0.7061	-16.029	853	0.2230070448969235	Pre-HV:Post-HV	-1.0	528	534
528	536	29	0.7557	-0.001	854	0.40357650549166607	Pre-HV:Post-HV	1.0	536	528
528	733	29	0.7034	14.016	855	0.31971112333834895	Pre-HV:Post-HV	1.0	733	528
529	530	29	0.7102	-14.015	856	0.6662834298521204	Pre-HV:Post-HV	-1.0	529	530
529	534	29	0.6543	-14.014	857	1.2586628723165751	Pre-HV:Post-HV	-1.0	529	534
529	536	29	0.6518	2.014	858	0.6320793219279857	Pre-HV:Post-HV	-1.0	529	536
530	531	29	0.8508	14.017	859	0.03420410792413485	Pre-HV:Post-HV	1.0	531	530
530	534	29	0.8899	0.001	860	0.5923794424644547	Pre-HV:Post-HV	-1.0	530	534
530	536	29	0.6979	16.029	861	0.03420410792413485	Pre-HV:Post-HV	1.0	536	530
531	534	29	0.9462	-14.016	862	0.6265835503885895	Pre-HV:Post-HV	-1.0	531	534
531	733	29	0.8654	16.028	863	0.08386538215331703	Pre-HV:Post-HV	-1.0	531	733
531	749	29	0.7719	16.025	864	0.0	Pre-HV:Post-HV	1.0	749	531
532	533	29	0.8454	14.016	865	0.13459534062054326	Pre-HV:Post-HV	-1.0	532	533
535	601	8	0.7036	-2.016	866	0.06556761464434814	Pre-HV:Post-HV	1.0	601	535
535	623	8	0.7008	-0.000	867	0.0015448633012611211	Pre-HV:Post-HV	1.0	623	535
535	626	8	0.659	-18.010	868	0.0015448633012611211	Pre-HV:Post-HV	1.0	626	535
536	749	29	0.6516	14.014	869	0.0	Pre-HV:Post-HV	1.0	749	536
541	554	4	0.9787	2.016	870	0.7249845688833216	Pre-HV:Post-HV	1.0	554	541
541	555	4	0.9787	2.015	871	0.7144231267465025	Pre-HV:Post-HV	1.0	555	541
541	616	4	0.9815	110.145	872	0.5837073454555213	Pre-HV:Post-HV	1.0	616	541
541	697	4	0.9806	-26.017	873	0.4266330822154844	Pre-HV:Post-HV	1.0	697	541
541	755	4	0.9772	-26.016	874	0.554824099352476	Pre-HV:Post-HV	1.0	755	541
545	717	38	0.9335	-26.015	875	0.08944746881173016	Pre-HV:Post-HV	1.0	717	545
545	728	38	0.9356	-10.021	876	0.2146745328840054	Pre-HV:Post-HV	1.0	728	545
546	756	4	0.9635	-1.002	877	0.15298111785546098	Pre-HV:Post-HV	-1.0	546	756
547	698	51	1.0	-0.001	878	0.09123668438320628	Pre-HV:Post-HV	1.0	698	547
551	678	6	0.949	-0.000	879	0.5466800321522102	Pre-HV:Post-HV	1.0	678	551
551	706	6	0.9384	-0.000	880	0.7259311212963518	Pre-HV:Post-HV	1.0	706	551
551	767	6	0.8986	-0.000	881	0.5425176447300846	Pre-HV:Post-HV	1.0	767	551
552	553	6	1.0	0.000	882	0.2112859608263154	Pre-HV:Post-HV	-1.0	552	553
552	709	6	0.9001	0.000	883	0.07639244408810217	Pre-HV:Post-HV	1.0	709	552
552	754	6	0.8954	0.000	884	0.10550574680912102	Pre-HV:Post-HV	-1.0	552	754
552	761	6	0.9012	-0.000	885	0.22132508635060408	Pre-HV:Post-HV	-1.0	552	761
553	709	6	0.9001	-0.000	886	0.28767840491441765	Pre-HV:Post-HV	1.0	709	553
553	754	6	0.8954	0.000	887	0.10578021401719448	Pre-HV:Post-HV	1.0	754	553
553	761	6	0.9012	-0.000	888	0.01003912552428873	Pre-HV:Post-HV	-1.0	553	761
554	555	4	1.0	-0.000	889	0.010561442136819263	Pre-HV:Post-HV	-1.0	554	555
554	723	4	0.9766	24.000	890	0.21620666599403068	Pre-HV:Post-HV	-1.0	554	723
554	755	4	0.9783	-28.031	891	0.17016046953084557	Pre-HV:Post-HV	-1.0	554	755
555	723	4	0.9766	24.000	892	0.2056452238572115	Pre-HV:Post-HV	-1.0	555	723
555	755	4	0.9783	-28.031	893	0.1595990273940263	Pre-HV:Post-HV	-1.0	555	755
556	558	22	0.8693	-0.000	894	0.14098717902771318	Pre-HV:Post-HV	1.0	558	556
556	680	22	0.8592	-0.000	895	0.5781505342334108	Pre-HV:Post-HV	1.0	680	556
557	560	2	0.888	-0.000	896	0.01858917804592091	Pre-HV:Post-HV	1.0	560	557
558	680	22	0.8673	-0.000	897	0.4371633552056976	Pre-HV:Post-HV	1.0	680	558
558	722	22	0.888	0.000	898	0.19972991756889222	Pre-HV:Post-HV	1.0	722	558
561	663	77	0.8792	0.000	899	0.1427592901942543	Pre-HV:Post-HV	-1.0	561	663
561	768	77	0.8955	0.000	900	0.058345253727421366	Pre-HV:Post-HV	1.0	768	561
565	702	19	0.804	0.000	901	0.09399328694292922	Pre-HV:Post-HV	1.0	702	565
565	726	19	1.0	0.000	902	0.03907021438894111	Pre-HV:Post-HV	-1.0	565	726
565	775	19	0.8465	0.000	903	0.0916961000628681	Pre-HV:Post-HV	1.0	775	565
566	667	27	0.7646	-0.000	904	0.0037212559474498518	Pre-HV:Post-HV	-1.0	566	667
566	669	27	0.7497	0.000	905	0.16237313763085848	Pre-HV:Post-HV	1.0	669	566
566	739	27	0.7697	0.000	906	0.14598420437874904	Pre-HV:Post-HV	-1.0	566	739
570	758	2	0.8961	-0.000	907	0.25179894831242355	Pre-HV:Post-HV	-1.0	570	758
571	758	2	0.8833	-0.001	908	0.0029026215813866036	Pre-HV:Post-HV	1.0	758	571
573	703	2	0.881	-0.000	909	0.022308896410831325	Pre-HV:Post-HV	1.0	703	573
574	668	3	0.7665	13.980	910	0.00284915881821721	Pre-HV:Post-HV	1.0	668	574
579	674	3	0.7734	100.085	911	0.08284505107124172	Pre-HV:Post-HV	-1.0	579	674
580	759	47	0.8093	0.000	912	0.00580574860177033	Pre-HV:Post-HV	-1.0	580	759
581	774	2	0.8858	0.000	913	0.09285116858914227	Pre-HV:Post-HV	1.0	774	581
587	589	25	0.8715	-0.002	914	0.09575700577756956	Pre-HV:Post-HV	1.0	589	587
587	590	25	0.8715	-0.002	915	0.23401730339386112	Pre-HV:Post-HV	-1.0	587	590
587	742	25	0.8517	26.012	916	0.05493025300433229	Pre-HV:Post-HV	-1.0	587	742
589	590	25	1.0	-0.001	917	0.32977430917143064	Pre-HV:Post-HV	-1.0	589	590
589	742	25	0.869	26.013	918	0.1506872587819018	Pre-HV:Post-HV	-1.0	589	742
589	752	25	0.7517	-0.002	919	0.17294297638624037	Pre-HV:Post-HV	-1.0	589	752
590	742	25	0.869	26.014	920	0.17908705038952877	Pre-HV:Post-HV	1.0	742	590
590	752	25	0.7517	-0.002	921	0.15683133278519026	Pre-HV:Post-HV	1.0	752	590
595	773	19	0.8385	-0.000	922	0.21041840949939222	Pre-HV:Post-HV	1.0	773	595
596	771	9	0.9279	3.008	923	0.3471993046894527	Pre-HV:Post-HV	1.0	771	596
601	623	8	0.6753	2.016	924	0.06402275134308696	Pre-HV:Post-HV	-1.0	601	623
603	609	94	0.9865	32.025	925	0.14411281189049824	Pre-HV:Post-HV	1.0	609	603
607	638	31	0.7696	2.017	926	0.21742405291538505	Pre-HV:Post-HV	1.0	638	607
607	691	31	0.7506	2.020	927	0.21742405291538505	Pre-HV:Post-HV	1.0	691	607
607	747	31	0.7163	4.034	928	0.21742405291538505	Pre-HV:Post-HV	1.0	747	607
608	618	13	0.7997	12.073	929	0.03781590091396744	Pre-HV:Post-HV	-1.0	608	618
613	622	12	0.8374	0.000	930	0.23709727300484354	Pre-HV:Post-HV	1.0	622	613
613	628	12	0.8527	0.000	931	0.2545842607815156	Pre-HV:Post-HV	1.0	628	613
615	617	1	0.9793	52.032	932	0.00958311603411469	Pre-HV:Post-HV	-1.0	615	617
615	652	1	0.921	52.032	933	0.028820011954611903	Pre-HV:Post-HV	1.0	652	615
615	657	1	0.9281	28.032	934	0.030257166030620782	Pre-HV:Post-HV	1.0	657	615
616	723	4	0.972	-84.130	935	0.07492944256623045	Pre-HV:Post-HV	-1.0	616	723
617	652	1	0.93	0.000	936	0.03840312798872655	Pre-HV:Post-HV	1.0	652	617
617	657	1	0.9298	-24.000	937	0.03984028206473547	Pre-HV:Post-HV	1.0	657	617
619	641	25	0.9513	-28.032	938	0.13407559777315273	Pre-HV:Post-HV	-1.0	619	641
619	651	25	0.8575	-0.000	939	0.07266154854416419	Pre-HV:Post-HV	-1.0	619	651
619	671	25	0.7623	-23.999	940	0.1618672390021325	Pre-HV:Post-HV	-1.0	619	671
620	753	12	0.694	-192.026	941	0.39897628615289366	Pre-HV:Post-HV	-1.0	620	753
622	628	12	0.9645	0.000	942	0.017486987776672014	Pre-HV:Post-HV	1.0	628	622
624	638	31	0.8337	14.016	943	0.0	Pre-HV:Post-HV	1.0	638	624
624	691	31	0.7964	14.019	944	0.0	Pre-HV:Post-HV	1.0	691	624
625	737	21	0.8175	-324.107	945	0.011730246466771193	Pre-HV:Post-HV	-1.0	625	737
630	634	10	0.8204	0.000	946	0.038508854038317275	Pre-HV:Post-HV	-1.0	630	634
631	648	23	0.6878	46.959	947	0.0893940278813506	Pre-HV:Post-HV	1.0	648	631
635	737	21	0.7365	203.080	948	0.04345598579532188	Pre-HV:Post-HV	-1.0	635	737
638	691	31	0.714	0.003	949	0.0	Pre-HV:Post-HV	1.0	691	638
638	747	31	0.7975	2.017	950	0.0	Pre-HV:Post-HV	1.0	747	638
640	736	32	0.9668	2.017	951	0.105236179083607	Pre-HV:Post-HV	-1.0	640	736
641	651	25	0.9139	28.031	952	0.06141404922898851	Pre-HV:Post-HV	1.0	651	641
641	671	25	0.7821	4.033	953	0.027791641228979792	Pre-HV:Post-HV	-1.0	641	671
642	732	32	0.9073	4.029	954	0.5031731689757011	Pre-HV:Post-HV	1.0	732	642
645	659	99	0.7049	-0.001	955	0.23928861058602124	Pre-HV:Post-HV	1.0	659	645
651	671	25	0.7428	-23.998	956	0.08920569045796836	Pre-HV:Post-HV	-1.0	651	671
652	657	1	0.9161	-24.000	957	0.0014371540760089584	Pre-HV:Post-HV	1.0	657	652
663	768	77	0.8905	0.000	958	0.20110454392167573	Pre-HV:Post-HV	1.0	768	663
665	666	19	1.0	0.000	959	0.12216369473903683	Pre-HV:Post-HV	1.0	666	665
665	701	19	0.8638	0.000	960	0.03921345003454204	Pre-HV:Post-HV	1.0	701	665
665	702	19	0.7953	-40.031	961	0.10542500638831187	Pre-HV:Post-HV	1.0	702	665
666	701	19	0.8638	0.000	962	0.08295024470449482	Pre-HV:Post-HV	-1.0	666	701
666	702	19	0.7953	-40.031	963	0.016738688350725044	Pre-HV:Post-HV	-1.0	666	702
667	669	27	0.8312	0.000	964	0.16609439357830835	Pre-HV:Post-HV	1.0	669	667
667	739	27	0.785	0.000	965	0.14226294843129933	Pre-HV:Post-HV	-1.0	667	739
668	674	3	0.7831	-13.980	966	0.338193803723187	Pre-HV:Post-HV	-1.0	668	674
669	739	27	0.8546	0.000	967	0.3083573420096076	Pre-HV:Post-HV	-1.0	669	739
673	763	2	0.9072	14.015	968	0.1947943006828362	Pre-HV:Post-HV	1.0	763	673
674	713	3	0.7823	0.000	969	0.26319599637683116	Pre-HV:Post-HV	1.0	713	674
678	706	6	0.9052	0.000	970	0.17925108914414156	Pre-HV:Post-HV	1.0	706	678
678	767	6	0.8978	0.000	971	0.004162387422125627	Pre-HV:Post-HV	-1.0	678	767
679	699	14	0.9148	0.000	972	0.19092180856821483	Pre-HV:Post-HV	1.0	699	679
679	777	14	0.9124	0.000	973	0.006790710126308887	Pre-HV:Post-HV	1.0	777	679
682	763	2	0.9128	58.041	974	0.14302081650479273	Pre-HV:Post-HV	1.0	763	682
682	764	2	0.8859	0.000	975	0.17330756903470487	Pre-HV:Post-HV	1.0	764	682
682	772	2	1.0	0.000	976	0.32664911960620024	Pre-HV:Post-HV	1.0	772	682
683	758	2	0.8817	0.000	977	0.15442205840482057	Pre-HV:Post-HV	1.0	758	683
691	747	31	0.7882	2.013	978	0.0	Pre-HV:Post-HV	1.0	747	691
697	755	4	0.9776	0.001	979	0.1281910171369917	Pre-HV:Post-HV	1.0	755	697
699	777	14	0.898	0.000	980	0.18413109844190595	Pre-HV:Post-HV	-1.0	699	777
700	724	7	1.0	0.000	981	0.03766467224419917	Pre-HV:Post-HV	1.0	724	700
702	726	19	0.804	0.000	982	0.13306350133187028	Pre-HV:Post-HV	-1.0	702	726
702	775	19	0.8834	-0.000	983	0.0022971868800610888	Pre-HV:Post-HV	-1.0	702	775
706	767	6	0.8827	0.000	984	0.18341347656626722	Pre-HV:Post-HV	-1.0	706	767
709	761	6	0.9068	-0.000	985	0.29771753043870636	Pre-HV:Post-HV	-1.0	709	761
717	728	38	0.9492	15.995	986	0.12522706407227513	Pre-HV:Post-HV	1.0	728	717
717	760	38	0.9531	-26.017	987	0.18719575850514386	Pre-HV:Post-HV	1.0	760	717
718	719	87	0.7413	0.001	988	0.11875219917894746	Pre-HV:Post-HV	1.0	719	718
726	775	19	0.8465	-0.000	989	0.1307663144518092	Pre-HV:Post-HV	1.0	775	726
730	731	8	0.6709	67.993	990	0.03178780302572281	Pre-HV:Post-HV	-1.0	730	731
730	738	8	0.8765	0.000	991	0.0901406727694077	Pre-HV:Post-HV	1.0	738	730
731	738	8	0.6919	-67.992	992	0.12192847579513053	Pre-HV:Post-HV	1.0	738	731
732	736	32	0.9616	-14.013	993	0.0	Pre-HV:Post-HV	1.0	736	732
733	749	29	0.7868	-0.003	994	0.08386538215331707	Pre-HV:Post-HV	1.0	749	733
742	752	25	0.8204	-26.016	995	0.02225571760433857	Pre-HV:Post-HV	-1.0	742	752
745	746	58	0.8542	-14.014	996	0.0	Pre-HV:Post-HV	1.0	746	745
754	761	6	0.8837	-0.000	997	0.11581933954148316	Pre-HV:Post-HV	-1.0	754	761
763	772	2	0.9128	-58.041	998	0.18362830310140751	Pre-HV:Post-HV	1.0	772	763
764	772	2	0.8859	-0.000	999	0.15334155057149537	Pre-HV:Post-HV	1.0	772	764
780	781	74	0.6574	44.027	1000	0.0	Pre-HV:Post-HV	1.0	781	780
780	782	74	0.6836	-28.031	1001	0.0	Pre-HV:Post-HV	1.0	782	780
781	784	74	0.7068	28.031	1002	0.0	Pre-HV:Post-HV	1.0	784	781
784	787	74	0.683	-44.025	1003	0.0	Pre-HV:Post-HV	1.0	787	784
